customer_id,booking_id,customer_name,country,booking_date,check_in,check_out,nights,season,room_type,room_number,view,balcony_type,room_amenities,nightly_rate_eur,adults,children,booking_channel,payment_method,booking_status,total_revenue_eur
CUST-00001,BOOK-00001,Matti Virtanen,Netherlands,2025-03-03,2025-07-28,2025-08-04,7,Summer,Deluxe Room,DR-02,Slope view,French balcony,Bathtub and sauna; French balcony or balcony,200,2,0,Direct website,Debit card,Completed,1400
CUST-00002,BOOK-00002,Elsa Schmidt,Poland,2025-06-10,2025-08-05,2025-08-10,5,Summer,Sky Suite,SS-02,Forest view,French balcony,Igloo; bathtub; sauna; French balcony or balcony,298,3,0,Phone,Online payment,Completed,1490
CUST-00003,BOOK-00003,Emilia Koskinen,Finland,2025-08-12,2026-01-11,2026-01-18,7,Winter,Standard View Room,SV-36,Forest view,French balcony,French balcony or balcony,120,2,0,Phone,Credit card,Completed,840
CUST-00004,BOOK-00004,Adam Lehtonen,Italy,2025-04-06,2025-09-26,2025-09-28,2,Shoulder,Standard Room,SR-44,Forest view,Balcony,French balcony or balcony,100,2,0,Corporate,Invoice,Completed,200
CUST-00005,BOOK-00005,Sofia Dubois,Poland,2025-07-03,2025-10-03,2025-10-09,6,Shoulder,Superior Family Room,SF-06,Slope view,Balcony,French balcony or balcony,170,2,2,Direct website,Credit card,Completed,1020
CUST-00006,BOOK-00006,Matti Järvinen,France,2025-02-13,2025-07-02,2025-07-05,3,Summer,Standard Room,SR-22,Slope view,Balcony,French balcony or balcony,95,2,0,Travel agency,Debit card,Completed,285
CUST-00007,BOOK-00007,Leo Martin,Finland,2025-06-14,2025-07-09,2025-07-13,4,Summer,Deluxe Room,DR-05,Forest view,French balcony,Bathtub and sauna; French balcony or balcony,200,2,0,Booking.com,Invoice,Completed,800
CUST-00008,BOOK-00008,Alma Salminen,Poland,2025-01-02,2025-07-01,2025-07-03,2,Summer,Standard Room,SR-09,Forest view,Balcony,French balcony or balcony,95,2,0,Direct website,Credit card,Completed,190
CUST-00009,BOOK-00009,Emma Virtanen,Norway,2025-09-20,2025-11-08,2025-11-10,2,Winter,Standard View Room,SV-34,Forest view,French balcony,French balcony or balcony,120,2,1,Booking.com,Invoice,No-show,0
CUST-00010,BOOK-00010,Ella Wilson,Norway,2025-04-14,2025-08-01,2025-08-08,7,Summer,Standard View Room,SV-32,Forest view,Balcony,French balcony or balcony,120,4,0,Phone,Online payment,No-show,0
CUST-00011,BOOK-00011,Alma Koskinen,Norway,2025-09-27,2025-10-01,2025-10-04,3,Shoulder,Standard Room,SR-35,Forest view,Balcony,French balcony or balcony,100,2,0,Direct website,Credit card,Completed,300
CUST-00012,BOOK-00012,Emilia Novak,Netherlands,2025-11-27,2026-03-03,2026-03-06,3,Winter,Standard Room,SR-38,Slope view,Balcony,French balcony or balcony,100,2,1,Phone,Online payment,Completed,300
CUST-00013,BOOK-00013,Elina Salminen,Denmark,2026-03-05,2026-04-10,2026-04-20,10,Winter,Superior Family Room,SF-09,Slope view,Balcony,French balcony or balcony,170,2,0,Corporate,Debit card,Completed,1700
CUST-00014,BOOK-00014,Linnea Smith,Canada,2025-08-13,2025-10-18,2025-10-21,3,Shoulder,Standard Room,SR-23,Forest view,French balcony,French balcony or balcony,100,2,0,Expedia,Credit card,Completed,300
CUST-00015,BOOK-00015,Theo Brown,Poland,2025-01-08,2025-06-02,2025-06-05,3,Summer,Standard Room,SR-41,Slope view,French balcony,French balcony or balcony,95,2,2,Phone,Debit card,Completed,285
CUST-00016,BOOK-00016,Isla Laine,Sweden,2025-12-17,2026-03-07,2026-03-08,1,Winter,Standard View Room,SV-26,Slope view,Balcony,French balcony or balcony,120,4,1,Direct website,Online payment,Completed,120
CUST-00017,BOOK-00017,Alexander Wilson,Germany,2025-07-16,2025-09-16,2025-09-21,5,Shoulder,Superior Room,SU-03,Forest view,French balcony,French balcony or balcony,140,4,1,Travel agency,Credit card,No-show,0
CUST-00018,BOOK-00018,Matti Saarinen,United Kingdom,2025-08-02,2025-08-31,2025-09-05,5,Summer,Standard Room,SR-34,Slope view,Balcony,French balcony or balcony,95,3,2,Booking.com,Debit card,Cancelled,0
CUST-00019,BOOK-00019,Nora Korhonen,France,2025-10-10,2026-01-22,2026-01-25,3,Winter,Superior Family Room,SF-10,Forest view,Balcony,French balcony or balcony,170,2,0,Expedia,Online payment,Completed,510
CUST-00020,BOOK-00020,Mikael Petrov,Finland,2026-03-25,2026-04-25,2026-04-29,4,Winter,Superior Room,SU-18,Slope view,Balcony,French balcony or balcony,140,2,2,Expedia,Credit card,No-show,0
CUST-00021,BOOK-00021,Isla Wilson,Denmark,2025-04-17,2025-07-26,2025-07-30,4,Summer,Standard Room,SR-30,Slope view,French balcony,French balcony or balcony,95,2,1,Direct website,Debit card,Completed,380
CUST-00022,BOOK-00022,Anna Dubois,Denmark,2025-09-17,2025-12-04,2025-12-08,4,Winter,Sky Suite,SS-01,Slope view,Balcony,Igloo; bathtub; sauna; French balcony or balcony,298,3,0,Phone,Online payment,Completed,1192
CUST-00023,BOOK-00023,Liam Wilson,Spain,2025-11-26,2026-03-11,2026-03-13,2,Winter,Standard View Room,SV-21,Forest view,French balcony,French balcony or balcony,120,2,0,Corporate,Online payment,Cancelled,0
CUST-00024,BOOK-00024,Emma Dubois,Norway,2025-11-12,2026-01-25,2026-01-29,4,Winter,Superior Room,SU-02,Slope view,Balcony,French balcony or balcony,140,2,2,Booking.com,Online payment,Cancelled,0
CUST-00025,BOOK-00025,Hugo Wilson,Norway,2025-05-29,2025-09-24,2025-09-30,6,Shoulder,Standard Room,SR-10,Forest view,Balcony,French balcony or balcony,100,4,0,Phone,Invoice,Completed,600
CUST-00026,BOOK-00026,Sofia Silva,Poland,2025-12-13,2026-02-09,2026-02-12,3,Winter,Standard Room,SR-17,Forest view,French balcony,French balcony or balcony,100,3,1,Travel agency,Credit card,Completed,300
CUST-00027,BOOK-00027,Alma Dubois,Estonia,2025-11-18,2026-03-13,2026-03-16,3,Winter,Deluxe Room,DR-04,Forest view,Balcony,Bathtub and sauna; French balcony or balcony,200,3,0,Booking.com,Invoice,Completed,600
CUST-00028,BOOK-00028,Elsa Karlsson,Netherlands,2025-11-06,2026-01-17,2026-01-20,3,Winter,Standard Room,SR-31,Forest view,Balcony,French balcony or balcony,100,1,0,Expedia,Online payment,Completed,300
CUST-00029,BOOK-00029,Olivia Rossi,Germany,2025-09-16,2025-11-11,2025-11-18,7,Winter,Standard Room,SR-06,Slope view,French balcony,French balcony or balcony,100,2,0,Travel agency,Invoice,Completed,700
CUST-00030,BOOK-00030,Elias Schmidt,Austria,2025-02-28,2025-07-02,2025-07-05,3,Summer,Standard View Room,SV-17,Slope view,French balcony,French balcony or balcony,120,4,0,Travel agency,Invoice,No-show,0
CUST-00031,BOOK-00031,Julia Lehtonen,Italy,2025-11-10,2026-03-03,2026-03-08,5,Winter,Standard View Room,SV-08,Forest view,Balcony,French balcony or balcony,120,1,0,Phone,Invoice,Completed,600
CUST-00032,BOOK-00032,Elias Kowalski,Austria,2025-03-24,2025-08-24,2025-08-30,6,Summer,Sky Suite,SS-02,Forest view,French balcony,Igloo; bathtub; sauna; French balcony or balcony,298,2,0,Travel agency,Debit card,No-show,0
CUST-00033,BOOK-00033,Mikael Silva,Austria,2025-04-14,2025-06-26,2025-06-29,3,Summer,Standard Room,SR-33,Forest view,Balcony,French balcony or balcony,95,2,0,Direct website,Credit card,Completed,285
CUST-00034,BOOK-00034,Elias Petrov,Netherlands,2025-10-05,2025-11-27,2025-11-30,3,Winter,Standard Room,SR-17,Forest view,French balcony,French balcony or balcony,100,2,0,Travel agency,Credit card,Completed,300
CUST-00035,BOOK-00035,Emma Wilson,Denmark,2026-02-01,2026-03-16,2026-03-23,7,Winter,Standard View Room,SV-18,Slope view,Balcony,French balcony or balcony,120,2,0,Expedia,Invoice,Completed,840
CUST-00036,BOOK-00036,Sofia Rossi,Spain,2025-06-27,2025-12-21,2025-12-28,7,Winter,Standard Room,SR-21,Slope view,French balcony,French balcony or balcony,100,3,0,Direct website,Online payment,Completed,700
CUST-00037,BOOK-00037,Aino Schmidt,Poland,2025-10-24,2026-02-28,2026-03-04,4,Winter,Standard View Room,SV-36,Forest view,French balcony,French balcony or balcony,120,2,0,Travel agency,Debit card,Completed,480
CUST-00038,BOOK-00038,Oscar Silva,Canada,2025-09-10,2026-01-09,2026-01-11,2,Winter,Standard View Room,SV-36,Forest view,Balcony,French balcony or balcony,120,3,0,Expedia,Debit card,Completed,240
CUST-00039,BOOK-00039,Felix Wilson,Austria,2025-04-18,2025-07-15,2025-07-18,3,Summer,Standard View Room,SV-12,Slope view,French balcony,French balcony or balcony,120,2,0,Travel agency,Debit card,Cancelled,0
CUST-00040,BOOK-00040,Oskari Brown,Finland,2025-07-18,2025-11-29,2025-12-05,6,Winter,Standard Room,SR-26,Forest view,French balcony,French balcony or balcony,100,2,1,Travel agency,Debit card,No-show,0
CUST-00041,BOOK-00041,Oliver Salminen,Netherlands,2026-02-04,2026-05-20,2026-05-24,4,Shoulder,Superior Room,SU-08,Slope view,French balcony,French balcony or balcony,140,2,0,Travel agency,Online payment,Completed,560
CUST-00042,BOOK-00042,Oskari Salminen,Italy,2025-11-04,2026-01-04,2026-01-14,10,Winter,Standard View Room,SV-21,Forest view,French balcony,French balcony or balcony,120,3,0,Phone,Debit card,Cancelled,0
CUST-00043,BOOK-00043,Elsa Wilson,Spain,2025-08-11,2025-09-07,2025-09-10,3,Shoulder,Standard View Room,SV-40,Forest view,French balcony,French balcony or balcony,120,2,0,Expedia,Credit card,No-show,0
CUST-00044,BOOK-00044,Sara Rossi,Germany,2025-09-17,2026-03-01,2026-03-03,2,Winter,Standard Room,SR-34,Slope view,Balcony,French balcony or balcony,100,2,0,Expedia,Invoice,No-show,0
CUST-00045,BOOK-00045,Hugo Mäkinen,Norway,2025-10-20,2026-02-01,2026-02-05,4,Winter,Standard Room,SR-30,Slope view,Balcony,French balcony or balcony,100,1,1,Direct website,Debit card,Completed,400
CUST-00046,BOOK-00046,Eetu Brown,Poland,2025-03-12,2025-08-16,2025-08-22,6,Summer,Sky Suite,SS-02,Forest view,French balcony,Igloo; bathtub; sauna; French balcony or balcony,298,3,0,Travel agency,Online payment,Completed,1788
CUST-00047,BOOK-00047,Sofia Petrov,France,2025-10-18,2026-03-29,2026-04-08,10,Winter,Standard Room,SR-46,Slope view,French balcony,French balcony or balcony,100,2,0,Booking.com,Debit card,Completed,1000
CUST-00048,BOOK-00048,Hugo Salminen,Sweden,2026-01-08,2026-03-10,2026-03-12,2,Winter,Standard Room,SR-36,Slope view,Balcony,French balcony or balcony,100,3,1,Travel agency,Credit card,No-show,0
CUST-00049,BOOK-00049,Ava Andersen,Denmark,2025-12-28,2026-05-18,2026-05-21,3,Shoulder,Standard Room,SR-38,Slope view,French balcony,French balcony or balcony,100,3,2,Booking.com,Credit card,No-show,0
CUST-00050,BOOK-00050,Sara Johansson,Denmark,2025-03-02,2025-07-01,2025-07-03,2,Summer,Standard Room,SR-08,Forest view,Balcony,French balcony or balcony,95,3,2,Corporate,Invoice,No-show,0
CUST-00051,BOOK-00051,Linnea Korhonen,Norway,2025-11-12,2026-01-11,2026-01-13,2,Winter,Standard Room,SR-31,Forest view,French balcony,French balcony or balcony,100,4,1,Expedia,Credit card,Completed,200
CUST-00052,BOOK-00052,Liam Miller,Poland,2025-03-18,2025-08-29,2025-09-02,4,Summer,Superior Room,SU-17,Slope view,Balcony,French balcony or balcony,140,4,0,Travel agency,Online payment,Completed,560
CUST-00053,BOOK-00053,Julia Salminen,Austria,2025-06-23,2025-11-12,2025-11-17,5,Winter,Deluxe Room,DR-05,Forest view,French balcony,Bathtub and sauna; French balcony or balcony,200,2,0,Expedia,Credit card,Cancelled,0
CUST-00054,BOOK-00054,Alma Andersen,Sweden,2025-11-04,2025-12-24,2025-12-30,6,Winter,Superior Family Room,SF-09,Slope view,Balcony,French balcony or balcony,170,2,0,Travel agency,Credit card,No-show,0
CUST-00055,BOOK-00055,Julia Mäkinen,Finland,2025-04-03,2025-09-13,2025-09-16,3,Shoulder,Standard Room,SR-46,Slope view,French balcony,French balcony or balcony,100,3,0,Direct website,Invoice,Cancelled,0
CUST-00056,BOOK-00056,Eetu Martin,Germany,2025-03-11,2025-07-18,2025-07-21,3,Summer,Deluxe Room,DR-04,Forest view,Balcony,Bathtub and sauna; French balcony or balcony,200,2,0,Travel agency,Invoice,Cancelled,0
CUST-00057,BOOK-00057,Adam Bianchi,Germany,2025-09-14,2025-10-03,2025-10-07,4,Shoulder,Standard Room,SR-10,Forest view,Balcony,French balcony or balcony,100,3,2,Expedia,Online payment,No-show,0
CUST-00058,BOOK-00058,Julia Schmidt,Germany,2025-02-06,2025-06-02,2025-06-05,3,Summer,Standard Room,SR-24,Slope view,Balcony,French balcony or balcony,95,2,0,Corporate,Invoice,No-show,0
CUST-00059,BOOK-00059,Felix Hansen,Netherlands,2025-10-05,2026-01-20,2026-01-27,7,Winter,Deluxe Room,DR-01,Slope view,French balcony,Bathtub and sauna; French balcony or balcony,200,2,0,Travel agency,Invoice,Completed,1400
CUST-00060,BOOK-00060,Ella Laine,Estonia,2026-04-09,2026-05-06,2026-05-12,6,Shoulder,Superior Room,SU-09,Forest view,Balcony,French balcony or balcony,140,2,2,Direct website,Debit card,Cancelled,0
CUST-00061,BOOK-00061,Linnea Koskinen,Austria,2025-07-12,2025-12-27,2026-01-03,7,Winter,Deluxe Sky Suite,DS-01,Forest view,French balcony,Igloo; bathtub; sauna; French balcony or balcony,700,3,2,Corporate,Invoice,Cancelled,0
CUST-00062,BOOK-00062,Ella Wilson,Norway,2025-09-09,2025-11-10,2025-11-15,5,Winter,Deluxe Room,DR-02,Slope view,Balcony,Bathtub and sauna; French balcony or balcony,200,4,1,Travel agency,Credit card,No-show,0
CUST-00063,BOOK-00063,Elias Virtanen,Estonia,2026-04-05,2026-04-21,2026-04-26,5,Winter,Standard Room,SR-23,Forest view,Balcony,French balcony or balcony,100,2,0,Booking.com,Invoice,Completed,500
CUST-00064,BOOK-00064,Olivia Wilson,Netherlands,2025-11-08,2026-03-17,2026-03-22,5,Winter,Standard Room,SR-07,Slope view,French balcony,French balcony or balcony,100,2,1,Travel agency,Online payment,Completed,500
CUST-00065,BOOK-00065,Oscar Heikkinen,Norway,2026-01-13,2026-05-08,2026-05-09,1,Shoulder,Superior Family Room,SF-06,Slope view,Balcony,French balcony or balcony,170,4,0,Travel agency,Online payment,Completed,170
CUST-00066,BOOK-00066,Sofia Lehtonen,Austria,2025-08-25,2026-01-20,2026-01-26,6,Winter,Standard Room,SR-17,Forest view,Balcony,French balcony or balcony,100,2,3,Expedia,Credit card,Cancelled,0
CUST-00067,BOOK-00067,Julia Müller,Spain,2026-03-05,2026-05-04,2026-05-07,3,Shoulder,Standard Room,SR-04,Forest view,Balcony,French balcony or balcony,100,2,0,Expedia,Debit card,Completed,300
CUST-00068,BOOK-00068,Theo Virtanen,Belgium,2026-03-14,2026-04-18,2026-04-20,2,Winter,Superior Room,SU-13,Forest view,French balcony,French balcony or balcony,140,4,0,Travel agency,Debit card,Completed,280
CUST-00069,BOOK-00069,Adam Kowalski,Italy,2025-07-29,2025-09-11,2025-09-13,2,Shoulder,Standard View Room,SV-22,Slope view,Balcony,French balcony or balcony,120,4,2,Expedia,Online payment,No-show,0
CUST-00070,BOOK-00070,Amelia Petrov,Belgium,2025-07-04,2025-07-29,2025-08-02,4,Summer,Standard Room,SR-36,Slope view,Balcony,French balcony or balcony,95,1,0,Travel agency,Online payment,Completed,380
CUST-00071,BOOK-00071,Sofia Dubois,Netherlands,2026-01-09,2026-05-11,2026-05-16,5,Shoulder,Standard Room,SR-33,Forest view,French balcony,French balcony or balcony,100,2,2,Expedia,Debit card,Completed,500
CUST-00072,BOOK-00072,Alexander Mäkinen,Germany,2026-04-15,2026-04-28,2026-04-30,2,Winter,Superior Family Room,SF-06,Slope view,French balcony,French balcony or balcony,170,2,0,Direct website,Debit card,Completed,340
CUST-00073,BOOK-00073,Alexander Miller,Germany,2025-11-15,2026-03-03,2026-03-05,2,Winter,Standard View Room,SV-10,Slope view,French balcony,French balcony or balcony,120,3,1,Expedia,Credit card,No-show,0
CUST-00074,BOOK-00074,Samuel Mäkinen,Belgium,2025-12-30,2026-05-20,2026-05-23,3,Shoulder,Standard View Room,SV-27,Forest view,Balcony,French balcony or balcony,120,1,0,Direct website,Invoice,Completed,360
CUST-00075,BOOK-00075,Leo Santos,Estonia,2025-05-14,2025-07-17,2025-07-22,5,Summer,Superior Room,SU-13,Forest view,French balcony,French balcony or balcony,140,3,0,Corporate,Debit card,Completed,700
CUST-00076,BOOK-00076,Aino Saarinen,Germany,2026-02-21,2026-03-28,2026-03-31,3,Winter,Deluxe Room,DR-03,Forest view,Balcony,Bathtub and sauna; French balcony or balcony,200,3,0,Direct website,Debit card,Completed,600
CUST-00077,BOOK-00077,Elias Heikkinen,Italy,2025-05-24,2025-06-08,2025-06-11,3,Summer,Superior Family Room,SF-09,Slope view,French balcony,French balcony or balcony,170,3,0,Phone,Credit card,Completed,510
CUST-00078,BOOK-00078,Theo Smith,Netherlands,2025-08-24,2026-01-30,2026-02-03,4,Winter,Standard View Room,SV-40,Forest view,French balcony,French balcony or balcony,120,3,2,Phone,Online payment,Completed,480
CUST-00079,BOOK-00079,Isla Dubois,Denmark,2025-09-16,2026-01-21,2026-01-26,5,Winter,Standard Room,SR-23,Forest view,Balcony,French balcony or balcony,100,1,0,Corporate,Debit card,Cancelled,0
CUST-00080,BOOK-00080,Anna Hansen,Spain,2025-03-08,2025-07-04,2025-07-06,2,Summer,Superior Room,SU-02,Slope view,Balcony,French balcony or balcony,140,2,1,Phone,Debit card,No-show,0
CUST-00081,BOOK-00081,Amelia Andersen,Denmark,2025-10-17,2026-01-07,2026-01-11,4,Winter,Standard Room,SR-42,Forest view,Balcony,French balcony or balcony,100,2,0,Booking.com,Invoice,Cancelled,0
CUST-00082,BOOK-00082,Samuel Santos,Germany,2025-02-11,2025-07-05,2025-07-07,2,Summer,Standard Room,SR-25,Forest view,French balcony,French balcony or balcony,95,2,0,Expedia,Credit card,Completed,190
CUST-00083,BOOK-00083,Leo Petrov,Spain,2025-07-26,2025-12-28,2025-12-31,3,Winter,Superior Room,SU-14,Slope view,Balcony,French balcony or balcony,140,2,0,Booking.com,Debit card,Cancelled,0
CUST-00084,BOOK-00084,Samuel Mäkinen,Italy,2025-12-06,2026-05-03,2026-05-07,4,Shoulder,Deluxe Room,DR-01,Slope view,French balcony,Bathtub and sauna; French balcony or balcony,200,3,1,Corporate,Credit card,No-show,0
CUST-00085,BOOK-00085,Liam Saarinen,Spain,2026-01-10,2026-04-08,2026-04-15,7,Winter,Superior Family Room,SF-05,Forest view,Balcony,French balcony or balcony,170,1,2,Corporate,Invoice,Completed,1190
CUST-00086,BOOK-00086,Elsa Järvinen,Austria,2025-03-19,2025-07-06,2025-07-08,2,Summer,Superior Room,SU-16,Forest view,Balcony,French balcony or balcony,140,2,0,Phone,Online payment,Completed,280
CUST-00087,BOOK-00087,Leo Dubois,Norway,2026-01-06,2026-03-18,2026-03-22,4,Winter,Deluxe Room,DR-03,Forest view,Balcony,Bathtub and sauna; French balcony or balcony,200,3,0,Travel agency,Invoice,Completed,800
CUST-00088,BOOK-00088,Eetu Salminen,Canada,2025-06-04,2025-10-18,2025-10-21,3,Shoulder,Standard View Room,SV-34,Forest view,Balcony,French balcony or balcony,120,1,0,Corporate,Credit card,Cancelled,0
CUST-00089,BOOK-00089,Linnea Salminen,Estonia,2025-05-03,2025-06-04,2025-06-07,3,Summer,Sky Suite,SS-02,Forest view,French balcony,Igloo; bathtub; sauna; French balcony or balcony,298,2,0,Booking.com,Invoice,Completed,894
CUST-00090,BOOK-00090,Emilia Hansen,Sweden,2025-11-07,2026-02-28,2026-03-05,5,Winter,Standard View Room,SV-27,Forest view,French balcony,French balcony or balcony,120,2,0,Expedia,Invoice,Completed,600
CUST-00091,BOOK-00091,Amelia Korhonen,Estonia,2026-02-04,2026-03-21,2026-03-24,3,Winter,Superior Room,SU-04,Forest view,Balcony,French balcony or balcony,140,3,2,Direct website,Invoice,Completed,420
CUST-00092,BOOK-00092,Amelia Schmidt,Spain,2025-04-28,2025-07-25,2025-07-28,3,Summer,Standard View Room,SV-07,Slope view,French balcony,French balcony or balcony,120,2,0,Corporate,Credit card,Completed,360
CUST-00093,BOOK-00093,Noah Lehtonen,Denmark,2026-01-19,2026-02-27,2026-03-03,4,Winter,Deluxe Room,DR-02,Slope view,Balcony,Bathtub and sauna; French balcony or balcony,200,2,1,Phone,Credit card,Completed,800
CUST-00094,BOOK-00094,Laura Johansson,Estonia,2025-03-21,2025-08-30,2025-09-09,10,Summer,Superior Room,SU-02,Slope view,Balcony,French balcony or balcony,140,2,0,Travel agency,Online payment,No-show,0
CUST-00095,BOOK-00095,Alma Johansson,Sweden,2025-10-03,2025-10-19,2025-10-23,4,Shoulder,Standard View Room,SV-37,Forest view,Balcony,French balcony or balcony,120,3,0,Direct website,Invoice,Completed,480
CUST-00096,BOOK-00096,Theo Kowalski,France,2025-10-31,2026-01-23,2026-01-27,4,Winter,Sky Suite,SS-01,Slope view,Balcony,Igloo; bathtub; sauna; French balcony or balcony,298,2,2,Travel agency,Credit card,Completed,1192
CUST-00097,BOOK-00097,Ella Lehtonen,United States,2025-08-01,2025-11-23,2025-12-03,10,Winter,Standard Room,SR-23,Forest view,French balcony,French balcony or balcony,100,2,2,Travel agency,Invoice,Completed,1000
CUST-00098,BOOK-00098,Emilia Koskinen,Denmark,2025-06-30,2025-11-21,2025-11-26,5,Winter,Standard Room,SR-22,Slope view,Balcony,French balcony or balcony,100,2,1,Phone,Debit card,Completed,500
CUST-00099,BOOK-00099,Daniel Petrov,Austria,2025-10-14,2025-11-18,2025-11-20,2,Winter,Superior Room,SU-09,Forest view,French balcony,French balcony or balcony,140,2,0,Expedia,Debit card,Completed,280
CUST-00100,BOOK-00100,Oliver Martin,Poland,2025-12-29,2026-05-10,2026-05-15,5,Shoulder,Sky Suite,SS-02,Forest view,Balcony,Igloo; bathtub; sauna; French balcony or balcony,298,1,0,Booking.com,Online payment,No-show,0
CUST-00101,BOOK-00101,Sara Schmidt,Denmark,2025-09-26,2026-02-04,2026-02-06,2,Winter,Deluxe Sky Suite,DS-02,Forest view,French balcony,Igloo; bathtub; sauna; French balcony or balcony,700,3,2,Corporate,Debit card,Completed,1400
CUST-00102,BOOK-00102,Emma Bianchi,United States,2026-03-20,2026-04-02,2026-04-05,3,Winter,Standard Room,SR-35,Forest view,Balcony,French balcony or balcony,100,2,1,Travel agency,Online payment,No-show,0
CUST-00103,BOOK-00103,Ava Rantanen,United States,2025-09-18,2026-01-16,2026-01-19,3,Winter,Standard Room,SR-47,Slope view,Balcony,French balcony or balcony,100,3,0,Travel agency,Debit card,Cancelled,0
CUST-00104,BOOK-00104,Hugo Schmidt,Belgium,2025-04-21,2025-09-11,2025-09-17,6,Shoulder,Standard Room,SR-16,Slope view,French balcony,French balcony or balcony,100,3,0,Direct website,Online payment,Completed,600
CUST-00105,BOOK-00105,Noah Müller,Poland,2025-06-18,2025-07-13,2025-07-18,5,Summer,Standard Room,SR-46,Slope view,French balcony,French balcony or balcony,95,3,2,Direct website,Invoice,No-show,0
CUST-00106,BOOK-00106,Samuel Lehtonen,Finland,2025-04-06,2025-06-28,2025-07-01,3,Summer,Standard View Room,SV-36,Forest view,French balcony,French balcony or balcony,120,3,1,Booking.com,Debit card,Completed,360
CUST-00107,BOOK-00107,Hugo Johansson,Finland,2025-05-29,2025-06-20,2025-06-23,3,Summer,Superior Family Room,SF-03,Forest view,French balcony,French balcony or balcony,170,2,1,Corporate,Invoice,Completed,510
CUST-00108,BOOK-00108,Matti Andersen,United States,2025-07-09,2025-07-27,2025-08-02,6,Summer,Standard Room,SR-29,Forest view,French balcony,French balcony or balcony,95,3,0,Corporate,Credit card,Completed,570
CUST-00109,BOOK-00109,Isla Korhonen,Belgium,2026-02-16,2026-04-20,2026-04-24,4,Winter,Standard Room,SR-17,Forest view,Balcony,French balcony or balcony,100,2,1,Corporate,Online payment,Completed,400
CUST-00110,BOOK-00110,Elina Korhonen,Austria,2025-03-05,2025-07-05,2025-07-15,10,Summer,Standard View Room,SV-33,Forest view,French balcony,French balcony or balcony,120,3,3,Expedia,Credit card,No-show,0
CUST-00111,BOOK-00111,Laura Bianchi,Estonia,2025-10-25,2025-11-30,2025-12-06,6,Winter,Standard Room,SR-01,Slope view,French balcony,French balcony or balcony,100,2,0,Phone,Debit card,Completed,600
CUST-00112,BOOK-00112,Mila Nieminen,United States,2026-05-06,2026-05-17,2026-05-21,4,Shoulder,Superior Room,SU-15,Forest view,Balcony,French balcony or balcony,140,2,1,Direct website,Online payment,Completed,560
CUST-00113,BOOK-00113,Linnea Virtanen,France,2025-08-23,2025-11-06,2025-11-10,4,Winter,Deluxe Sky Suite,DS-03,Forest view,Balcony,Igloo; bathtub; sauna; French balcony or balcony,700,3,0,Phone,Online payment,Cancelled,0
CUST-00114,BOOK-00114,Theo Novak,Austria,2025-07-22,2025-10-18,2025-10-20,2,Shoulder,Standard View Room,SV-33,Forest view,French balcony,French balcony or balcony,120,2,0,Corporate,Online payment,Cancelled,0
CUST-00115,BOOK-00115,Oscar Salminen,Estonia,2025-06-15,2025-07-13,2025-07-18,5,Summer,Standard Room,SR-08,Forest view,French balcony,French balcony or balcony,95,2,0,Travel agency,Invoice,Completed,475
CUST-00116,BOOK-00116,Isla Saarinen,Sweden,2025-08-04,2025-08-25,2025-08-30,5,Summer,Standard View Room,SV-32,Forest view,Balcony,French balcony or balcony,120,2,1,Phone,Debit card,Completed,600
CUST-00117,BOOK-00117,Ella Laine,Norway,2025-04-15,2025-06-16,2025-06-18,2,Summer,Superior Room,SU-04,Forest view,Balcony,French balcony or balcony,140,2,2,Direct website,Debit card,Cancelled,0
CUST-00118,BOOK-00118,Felix Laine,Belgium,2026-01-31,2026-05-14,2026-05-18,4,Shoulder,Standard View Room,SV-10,Slope view,Balcony,French balcony or balcony,120,3,0,Direct website,Credit card,Completed,480
CUST-00119,BOOK-00119,Linnea Silva,Italy,2025-05-11,2025-09-04,2025-09-08,4,Shoulder,Standard View Room,SV-33,Forest view,French balcony,French balcony or balcony,120,4,0,Travel agency,Debit card,Completed,480
CUST-00120,BOOK-00120,Oliver Santos,Estonia,2025-02-11,2025-08-02,2025-08-04,2,Summer,Standard Room,SR-20,Forest view,Balcony,French balcony or balcony,95,3,0,Expedia,Online payment,Cancelled,0
CUST-00121,BOOK-00121,Samuel Smith,Netherlands,2025-07-18,2025-08-20,2025-08-25,5,Summer,Sky Suite,SS-02,Forest view,French balcony,Igloo; bathtub; sauna; French balcony or balcony,298,3,0,Travel agency,Credit card,Completed,1490
CUST-00122,BOOK-00122,Mila Wilson,Norway,2025-11-14,2025-12-02,2025-12-06,4,Winter,Standard View Room,SV-27,Forest view,Balcony,French balcony or balcony,120,2,1,Travel agency,Invoice,No-show,0
CUST-00123,BOOK-00123,Theo Johansson,Belgium,2025-11-23,2025-12-27,2026-01-02,6,Winter,Standard Room,SR-46,Slope view,French balcony,French balcony or balcony,100,3,0,Corporate,Credit card,Completed,600
CUST-00124,BOOK-00124,Nora Rantanen,Spain,2025-07-12,2025-08-03,2025-08-07,4,Summer,Standard Room,SR-09,Forest view,Balcony,French balcony or balcony,95,2,2,Expedia,Debit card,Completed,380
CUST-00125,BOOK-00125,Laura Petrov,Germany,2026-03-03,2026-04-17,2026-04-20,3,Winter,Standard View Room,SV-07,Slope view,Balcony,French balcony or balcony,120,3,0,Direct website,Credit card,Completed,360
CUST-00126,BOOK-00126,Felix Andersen,Finland,2025-02-15,2025-06-24,2025-07-01,7,Summer,Superior Family Room,SF-09,Slope view,Balcony,French balcony or balcony,170,3,0,Booking.com,Invoice,Completed,1190
CUST-00127,BOOK-00127,Alexander Karlsson,United States,2025-09-07,2025-10-31,2025-11-04,4,Shoulder,Superior Room,SU-20,Slope view,Balcony,French balcony or balcony,140,2,0,Phone,Online payment,Cancelled,0
CUST-00128,BOOK-00128,Elina Mäkinen,Estonia,2025-09-22,2025-11-24,2025-12-04,10,Winter,Standard Room,SR-09,Forest view,Balcony,French balcony or balcony,100,2,0,Booking.com,Credit card,No-show,0
CUST-00129,BOOK-00129,Matti Petrov,United Kingdom,2025-04-02,2025-06-26,2025-06-29,3,Summer,Standard View Room,SV-02,Forest view,Balcony,French balcony or balcony,120,2,0,Corporate,Invoice,Cancelled,0
CUST-00130,BOOK-00130,Adam Johansson,Netherlands,2025-12-16,2026-02-11,2026-02-18,7,Winter,Standard View Room,SV-36,Forest view,Balcony,French balcony or balcony,120,1,0,Corporate,Invoice,Cancelled,0
CUST-00131,BOOK-00131,Linnea Bianchi,Belgium,2025-07-12,2025-10-25,2025-10-29,4,Shoulder,Deluxe Room,DR-02,Slope view,Balcony,Bathtub and sauna; French balcony or balcony,200,1,0,Corporate,Debit card,Completed,800
CUST-00132,BOOK-00132,Elina Saarinen,Denmark,2025-10-30,2025-12-03,2025-12-07,4,Winter,Standard Room,SR-10,Forest view,French balcony,French balcony or balcony,100,2,1,Expedia,Online payment,Cancelled,0
CUST-00133,BOOK-00133,Ella Virtanen,Germany,2025-05-18,2025-08-13,2025-08-15,2,Summer,Standard View Room,SV-23,Forest view,Balcony,French balcony or balcony,120,2,0,Corporate,Debit card,Completed,240
CUST-00134,BOOK-00134,Daniel Miller,Estonia,2025-07-07,2025-11-15,2025-11-22,7,Winter,Standard Room,SR-36,Slope view,Balcony,French balcony or balcony,100,3,0,Direct website,Online payment,No-show,0
CUST-00135,BOOK-00135,Elias Wilson,Canada,2025-09-09,2025-11-17,2025-11-22,5,Winter,Deluxe Sky Suite,DS-02,Forest view,French balcony,Igloo; bathtub; sauna; French balcony or balcony,700,3,0,Booking.com,Invoice,Completed,3500
CUST-00136,BOOK-00136,Ava Korhonen,United States,2025-05-25,2025-08-15,2025-08-21,6,Summer,Standard Room,SR-21,Slope view,Balcony,French balcony or balcony,95,2,1,Travel agency,Invoice,Completed,570
CUST-00137,BOOK-00137,Hugo Smith,Austria,2025-04-11,2025-07-02,2025-07-07,5,Summer,Standard View Room,SV-04,Forest view,French balcony,French balcony or balcony,120,2,0,Corporate,Online payment,Completed,600
CUST-00138,BOOK-00138,Hugo Järvinen,Netherlands,2026-03-01,2026-05-13,2026-05-19,6,Shoulder,Superior Room,SU-14,Slope view,Balcony,French balcony or balcony,140,2,3,Expedia,Online payment,Completed,840
CUST-00139,BOOK-00139,Elina Kowalski,Italy,2025-07-02,2025-09-15,2025-09-20,5,Shoulder,Standard View Room,SV-22,Slope view,French balcony,French balcony or balcony,120,2,0,Travel agency,Online payment,Completed,600
CUST-00140,BOOK-00140,Iida Kowalski,United States,2025-02-26,2025-08-14,2025-08-17,3,Summer,Standard Room,SR-02,Slope view,Balcony,French balcony or balcony,95,3,0,Corporate,Online payment,Completed,285
CUST-00141,BOOK-00141,Matti Lehtonen,Sweden,2025-09-23,2026-03-15,2026-03-20,5,Winter,Standard Room,SR-34,Slope view,French balcony,French balcony or balcony,100,3,0,Travel agency,Online payment,No-show,0
CUST-00142,BOOK-00142,Emma Andersen,Canada,2025-09-26,2026-01-28,2026-01-30,2,Winter,Superior Family Room,SF-02,Forest view,French balcony,French balcony or balcony,170,3,0,Expedia,Credit card,No-show,0
CUST-00143,BOOK-00143,Liam Andersen,United Kingdom,2025-07-05,2025-07-16,2025-07-21,5,Summer,Standard Room,SR-39,Slope view,Balcony,French balcony or balcony,95,3,0,Phone,Online payment,Completed,475
CUST-00144,BOOK-00144,Sara Johansson,Canada,2025-05-15,2025-06-20,2025-06-21,1,Summer,Standard View Room,SV-33,Forest view,Balcony,French balcony or balcony,120,2,1,Expedia,Debit card,Completed,120
CUST-00145,BOOK-00145,Sara Miller,France,2025-12-06,2026-01-21,2026-01-26,5,Winter,Superior Room,SU-12,Slope view,Balcony,French balcony or balcony,140,3,0,Direct website,Invoice,Completed,700
CUST-00146,BOOK-00146,Matti Korhonen,Italy,2026-01-29,2026-05-09,2026-05-11,2,Shoulder,Deluxe Sky Suite,DS-01,Forest view,French balcony,Igloo; bathtub; sauna; French balcony or balcony,500,2,0,Expedia,Online payment,Completed,1000
CUST-00147,BOOK-00147,Matti Virtanen,Denmark,2025-11-25,2026-03-26,2026-03-31,5,Winter,Standard Room,SR-24,Slope view,Balcony,French balcony or balcony,100,2,1,Phone,Online payment,Completed,500
CUST-00148,BOOK-00148,Nora Lehtonen,Germany,2026-01-16,2026-05-20,2026-05-22,2,Shoulder,Sky Suite,SS-01,Slope view,French balcony,Igloo; bathtub; sauna; French balcony or balcony,298,2,3,Expedia,Invoice,Completed,596
CUST-00149,BOOK-00149,Matti Dubois,Norway,2025-10-24,2026-03-09,2026-03-16,7,Winter,Superior Family Room,SF-08,Forest view,Balcony,French balcony or balcony,170,2,0,Corporate,Credit card,Completed,1190
CUST-00150,BOOK-00150,Oscar Laine,United Kingdom,2025-04-08,2025-07-02,2025-07-08,6,Summer,Deluxe Room,DR-01,Slope view,Balcony,Bathtub and sauna; French balcony or balcony,200,2,0,Corporate,Invoice,No-show,0
CUST-00151,BOOK-00151,Mila Smith,Poland,2025-03-21,2025-07-17,2025-07-24,7,Summer,Standard View Room,SV-11,Slope view,French balcony,French balcony or balcony,120,2,1,Expedia,Credit card,Cancelled,0
CUST-00152,BOOK-00152,Emilia Virtanen,Poland,2025-09-21,2025-12-20,2025-12-23,3,Winter,Standard Room,SR-33,Forest view,French balcony,French balcony or balcony,100,2,0,Direct website,Invoice,No-show,0
CUST-00153,BOOK-00153,Samuel Novak,Austria,2025-02-21,2025-06-17,2025-06-20,3,Summer,Standard Room,SR-23,Forest view,Balcony,French balcony or balcony,95,2,1,Phone,Debit card,Cancelled,0
CUST-00154,BOOK-00154,Elsa Laine,Netherlands,2026-04-29,2026-05-01,2026-05-07,6,Shoulder,Standard Room,SR-23,Forest view,French balcony,French balcony or balcony,100,4,0,Phone,Invoice,Cancelled,0
CUST-00155,BOOK-00155,Noah Saarinen,France,2026-01-29,2026-02-28,2026-03-03,3,Winter,Standard Room,SR-38,Slope view,French balcony,French balcony or balcony,100,3,0,Direct website,Debit card,Completed,300
CUST-00156,BOOK-00156,Leo Lehtonen,Sweden,2025-06-02,2025-09-14,2025-09-16,2,Shoulder,Standard View Room,SV-10,Slope view,Balcony,French balcony or balcony,120,2,0,Direct website,Debit card,No-show,0
CUST-00157,BOOK-00157,Anna Miller,Estonia,2025-12-13,2026-02-13,2026-02-23,10,Winter,Standard Room,SR-40,Forest view,Balcony,French balcony or balcony,100,3,3,Corporate,Debit card,No-show,0
CUST-00158,BOOK-00158,Liam Martin,Poland,2025-08-07,2025-12-29,2026-01-01,3,Winter,Standard Room,SR-15,Slope view,Balcony,French balcony or balcony,100,1,0,Phone,Invoice,No-show,0
CUST-00159,BOOK-00159,Olivia Heikkinen,Canada,2025-12-23,2026-02-24,2026-02-27,3,Winter,Standard View Room,SV-28,Slope view,French balcony,French balcony or balcony,120,2,1,Travel agency,Credit card,Completed,360
CUST-00160,BOOK-00160,Olivia Lehtonen,Italy,2026-01-20,2026-03-15,2026-03-18,3,Winter,Standard View Room,SV-20,Slope view,Balcony,French balcony or balcony,120,3,2,Expedia,Credit card,Completed,360
CUST-00161,BOOK-00161,Ella Schmidt,Norway,2026-01-11,2026-03-02,2026-03-07,5,Winter,Standard Room,SR-10,Forest view,French balcony,French balcony or balcony,100,2,2,Expedia,Online payment,Cancelled,0
CUST-00162,BOOK-00162,Hugo Kowalski,Netherlands,2024-12-10,2025-06-08,2025-06-11,3,Summer,Standard Room,SR-14,Slope view,French balcony,French balcony or balcony,95,2,0,Expedia,Online payment,Completed,285
CUST-00163,BOOK-00163,Samuel Smith,Canada,2025-08-13,2025-12-12,2025-12-16,4,Winter,Superior Room,SU-02,Slope view,French balcony,French balcony or balcony,140,3,1,Expedia,Debit card,Completed,560
CUST-00164,BOOK-00164,Noah Korhonen,Italy,2025-07-17,2025-12-07,2025-12-10,3,Winter,Standard Room,SR-29,Forest view,Balcony,French balcony or balcony,100,2,0,Booking.com,Invoice,Completed,300
CUST-00165,BOOK-00165,Linnea Silva,Canada,2025-10-04,2026-03-19,2026-03-25,6,Winter,Standard View Room,SV-37,Forest view,Balcony,French balcony or balcony,120,2,1,Expedia,Debit card,Completed,720
CUST-00166,BOOK-00166,Leo Smith,Sweden,2025-07-21,2025-08-11,2025-08-16,5,Summer,Standard View Room,SV-07,Slope view,French balcony,French balcony or balcony,120,3,0,Phone,Debit card,No-show,0
CUST-00167,BOOK-00167,Samuel Virtanen,Canada,2025-01-16,2025-07-05,2025-07-10,5,Summer,Standard Room,SR-30,Slope view,Balcony,French balcony or balcony,95,1,0,Travel agency,Credit card,Cancelled,0
CUST-00168,BOOK-00168,Adam Müller,Poland,2025-04-23,2025-06-09,2025-06-13,4,Summer,Standard Room,SR-19,Forest view,French balcony,French balcony or balcony,95,4,0,Booking.com,Debit card,Completed,380
CUST-00169,BOOK-00169,Oliver Rantanen,Austria,2025-12-16,2026-04-14,2026-04-18,4,Winter,Superior Family Room,SF-04,Forest view,French balcony,French balcony or balcony,170,4,0,Phone,Credit card,Cancelled,0
CUST-00170,BOOK-00170,Amelia Hansen,Austria,2025-12-09,2026-05-01,2026-05-11,10,Shoulder,Superior Room,SU-06,Slope view,Balcony,French balcony or balcony,140,1,0,Booking.com,Credit card,Completed,1400
CUST-00171,BOOK-00171,Sofia Novak,Sweden,2025-12-13,2026-02-11,2026-02-17,6,Winter,Superior Room,SU-01,Slope view,French balcony,French balcony or balcony,140,4,1,Corporate,Invoice,No-show,0
CUST-00172,BOOK-00172,Oscar Miller,Sweden,2025-08-31,2025-10-17,2025-10-18,1,Shoulder,Standard Room,SR-34,Slope view,Balcony,French balcony or balcony,100,1,0,Booking.com,Invoice,Completed,100
CUST-00173,BOOK-00173,Oscar Koskinen,Austria,2025-06-03,2025-07-10,2025-07-13,3,Summer,Standard View Room,SV-16,Slope view,French balcony,French balcony or balcony,120,2,3,Direct website,Credit card,Cancelled,0
CUST-00174,BOOK-00174,Amelia Silva,Estonia,2026-01-01,2026-01-10,2026-01-13,3,Winter,Standard Room,SR-09,Forest view,Balcony,French balcony or balcony,100,3,0,Booking.com,Online payment,No-show,0
CUST-00175,BOOK-00175,Olivia Nieminen,Spain,2026-01-05,2026-03-11,2026-03-18,7,Winter,Standard View Room,SV-34,Forest view,French balcony,French balcony or balcony,120,2,0,Phone,Debit card,No-show,0
CUST-00176,BOOK-00176,Theo Rantanen,Italy,2025-11-19,2025-12-17,2025-12-20,3,Winter,Standard Room,SR-30,Slope view,French balcony,French balcony or balcony,100,2,0,Corporate,Invoice,Completed,300
CUST-00177,BOOK-00177,Anna Schmidt,Austria,2025-07-18,2025-07-23,2025-07-24,1,Summer,Standard View Room,SV-17,Slope view,Balcony,French balcony or balcony,120,2,1,Phone,Debit card,No-show,0
CUST-00178,BOOK-00178,Oskari Salminen,Italy,2025-11-12,2026-03-20,2026-03-24,4,Winter,Superior Room,SU-14,Slope view,French balcony,French balcony or balcony,140,1,0,Travel agency,Online payment,Completed,560
CUST-00179,BOOK-00179,Julia Wilson,France,2025-10-07,2026-02-03,2026-02-09,6,Winter,Standard View Room,SV-39,Forest view,French balcony,French balcony or balcony,120,2,0,Travel agency,Online payment,Completed,720
CUST-00180,BOOK-00180,Isla Müller,Germany,2026-01-26,2026-04-14,2026-04-17,3,Winter,Deluxe Room,DR-02,Slope view,Balcony,Bathtub and sauna; French balcony or balcony,200,2,1,Travel agency,Online payment,Completed,600
CUST-00181,BOOK-00181,Felix Santos,Netherlands,2025-06-06,2025-08-30,2025-09-09,10,Summer,Deluxe Sky Suite,DS-03,Forest view,Balcony,Igloo; bathtub; sauna; French balcony or balcony,324,2,1,Expedia,Credit card,Cancelled,0
CUST-00182,BOOK-00182,Elias Petrov,United States,2026-01-20,2026-03-16,2026-03-18,2,Winter,Deluxe Sky Suite,DS-01,Forest view,Balcony,Igloo; bathtub; sauna; French balcony or balcony,700,3,1,Direct website,Invoice,No-show,0
CUST-00183,BOOK-00183,Noah Rossi,Poland,2026-02-02,2026-05-11,2026-05-15,4,Shoulder,Superior Room,SU-02,Slope view,French balcony,French balcony or balcony,140,2,0,Corporate,Invoice,Completed,560
CUST-00184,BOOK-00184,Oscar Virtanen,Belgium,2025-10-13,2026-03-01,2026-03-05,4,Winter,Sky Suite,SS-02,Forest view,French balcony,Igloo; bathtub; sauna; French balcony or balcony,298,2,0,Phone,Online payment,Cancelled,0
CUST-00185,BOOK-00185,Mikael Petrov,Poland,2025-07-27,2025-08-25,2025-08-30,5,Summer,Standard Room,SR-24,Slope view,French balcony,French balcony or balcony,95,2,0,Phone,Debit card,Cancelled,0
CUST-00186,BOOK-00186,Adam Laine,Belgium,2026-01-07,2026-01-15,2026-01-18,3,Winter,Standard View Room,SV-03,Forest view,Balcony,French balcony or balcony,120,2,0,Direct website,Credit card,No-show,0
CUST-00187,BOOK-00187,Elsa Karlsson,Belgium,2025-04-11,2025-08-12,2025-08-15,3,Summer,Standard Room,SR-09,Forest view,French balcony,French balcony or balcony,95,2,1,Expedia,Credit card,Completed,285
CUST-00188,BOOK-00188,Sofia Dubois,United Kingdom,2025-08-29,2025-11-01,2025-11-02,1,Winter,Superior Room,SU-12,Slope view,French balcony,French balcony or balcony,140,2,0,Travel agency,Invoice,Completed,140
CUST-00189,BOOK-00189,Amelia Korhonen,France,2025-06-02,2025-09-27,2025-10-03,6,Shoulder,Superior Room,SU-11,Slope view,Balcony,French balcony or balcony,140,2,1,Booking.com,Online payment,Cancelled,0
CUST-00190,BOOK-00190,Samuel Koskinen,France,2025-03-06,2025-07-03,2025-07-07,4,Summer,Superior Family Room,SF-08,Forest view,French balcony,French balcony or balcony,170,2,2,Corporate,Online payment,Completed,680
CUST-00191,BOOK-00191,Iida Schmidt,United States,2025-10-24,2026-04-02,2026-04-05,3,Winter,Standard View Room,SV-21,Forest view,French balcony,French balcony or balcony,120,3,1,Expedia,Credit card,Completed,360
CUST-00192,BOOK-00192,Liam Rantanen,Germany,2025-12-30,2026-05-11,2026-05-13,2,Shoulder,Standard Room,SR-47,Slope view,Balcony,French balcony or balcony,100,2,0,Travel agency,Invoice,Completed,200
CUST-00193,BOOK-00193,Elina Heikkinen,Canada,2025-06-21,2025-09-04,2025-09-08,4,Shoulder,Standard View Room,SV-24,Slope view,French balcony,French balcony or balcony,120,2,1,Corporate,Credit card,Completed,480
CUST-00194,BOOK-00194,Elina Smith,Canada,2025-08-17,2025-12-01,2025-12-11,10,Winter,Standard View Room,SV-25,Forest view,Balcony,French balcony or balcony,120,2,1,Travel agency,Debit card,Cancelled,0
CUST-00195,BOOK-00195,Ella Saarinen,Netherlands,2025-02-24,2025-07-13,2025-07-17,4,Summer,Superior Family Room,SF-02,Forest view,Balcony,French balcony or balcony,170,2,0,Phone,Invoice,Completed,680
CUST-00196,BOOK-00196,Samuel Brown,Sweden,2025-11-15,2026-03-09,2026-03-13,4,Winter,Standard View Room,SV-19,Slope view,French balcony,French balcony or balcony,120,4,0,Phone,Debit card,No-show,0
CUST-00197,BOOK-00197,Oliver Johansson,Denmark,2025-08-30,2025-10-31,2025-11-07,7,Shoulder,Standard Room,SR-10,Forest view,French balcony,French balcony or balcony,100,3,0,Expedia,Invoice,Completed,700
CUST-00198,BOOK-00198,Leo Miller,Belgium,2025-04-08,2025-08-24,2025-08-28,4,Summer,Superior Family Room,SF-03,Forest view,Balcony,French balcony or balcony,170,2,0,Phone,Online payment,Completed,680
CUST-00199,BOOK-00199,Mila Petrov,Poland,2025-10-10,2025-10-27,2025-10-31,4,Shoulder,Sky Suite,SS-01,Slope view,Balcony,Igloo; bathtub; sauna; French balcony or balcony,298,3,0,Booking.com,Debit card,Completed,1192
CUST-00200,BOOK-00200,Julia Laine,Italy,2025-03-05,2025-08-14,2025-08-19,5,Summer,Superior Family Room,SF-01,Slope view,Balcony,French balcony or balcony,170,2,0,Direct website,Invoice,Cancelled,0
CUST-00201,BOOK-00201,Alma Petrov,Canada,2025-11-26,2026-02-19,2026-02-24,5,Winter,Superior Room,SU-10,Forest view,French balcony,French balcony or balcony,140,3,1,Direct website,Invoice,Completed,700
CUST-00202,BOOK-00202,Amelia Järvinen,Poland,2026-02-25,2026-04-22,2026-04-27,5,Winter,Standard View Room,SV-08,Forest view,Balcony,French balcony or balcony,120,2,1,Expedia,Debit card,No-show,0
CUST-00203,BOOK-00203,Ella Mäkinen,United States,2026-03-11,2026-03-17,2026-03-23,6,Winter,Superior Family Room,SF-10,Forest view,French balcony,French balcony or balcony,170,4,0,Travel agency,Credit card,Completed,1020
CUST-00204,BOOK-00204,Emma Schmidt,Italy,2025-12-12,2026-01-06,2026-01-09,3,Winter,Superior Room,SU-18,Slope view,Balcony,French balcony or balcony,140,2,0,Phone,Debit card,Completed,420
CUST-00205,BOOK-00205,Isla Martin,Norway,2025-06-01,2025-06-27,2025-06-30,3,Summer,Standard Room,SR-37,Forest view,French balcony,French balcony or balcony,95,2,0,Corporate,Debit card,Completed,285
CUST-00206,BOOK-00206,Eetu Schmidt,Poland,2025-08-26,2026-02-21,2026-02-26,5,Winter,Standard Room,SR-13,Forest view,French balcony,French balcony or balcony,100,2,0,Direct website,Credit card,Completed,500
CUST-00207,BOOK-00207,Mila Martin,Germany,2025-07-04,2025-07-23,2025-07-26,3,Summer,Deluxe Room,DR-01,Slope view,French balcony,Bathtub and sauna; French balcony or balcony,200,2,0,Expedia,Debit card,Cancelled,0
CUST-00208,BOOK-00208,Lucas Nieminen,Denmark,2026-03-12,2026-04-18,2026-04-23,5,Winter,Sky Suite,SS-02,Forest view,French balcony,Igloo; bathtub; sauna; French balcony or balcony,298,2,0,Travel agency,Online payment,Cancelled,0
CUST-00209,BOOK-00209,Sara Silva,Finland,2025-02-22,2025-08-11,2025-08-14,3,Summer,Superior Room,SU-18,Slope view,Balcony,French balcony or balcony,140,2,1,Booking.com,Invoice,No-show,0
CUST-00210,BOOK-00210,Julia Hansen,Denmark,2025-08-28,2025-10-30,2025-11-04,5,Shoulder,Superior Family Room,SF-03,Forest view,Balcony,French balcony or balcony,170,3,0,Direct website,Online payment,Completed,850
CUST-00211,BOOK-00211,Samuel Brown,United Kingdom,2025-07-11,2025-11-10,2025-11-12,2,Winter,Deluxe Room,DR-02,Slope view,French balcony,Bathtub and sauna; French balcony or balcony,200,1,0,Expedia,Debit card,Cancelled,0
CUST-00212,BOOK-00212,Sara Martin,Poland,2025-03-03,2025-06-21,2025-06-28,7,Summer,Sky Suite,SS-01,Slope view,Balcony,Igloo; bathtub; sauna; French balcony or balcony,298,2,0,Corporate,Debit card,No-show,0
CUST-00213,BOOK-00213,Noah Brown,Estonia,2025-07-11,2025-10-21,2025-10-23,2,Shoulder,Standard Room,SR-19,Forest view,French balcony,French balcony or balcony,100,2,0,Booking.com,Credit card,Completed,200
CUST-00214,BOOK-00214,Leo Salminen,United Kingdom,2025-09-02,2025-10-04,2025-10-06,2,Shoulder,Standard View Room,SV-10,Slope view,French balcony,French balcony or balcony,120,3,1,Booking.com,Invoice,No-show,0
CUST-00215,BOOK-00215,Emma Rantanen,Germany,2025-09-16,2025-11-25,2025-11-29,4,Winter,Superior Family Room,SF-08,Forest view,French balcony,French balcony or balcony,170,3,0,Travel agency,Online payment,Completed,680
CUST-00216,BOOK-00216,Julia Johansson,Belgium,2026-02-08,2026-02-24,2026-02-26,2,Winter,Superior Room,SU-16,Forest view,Balcony,French balcony or balcony,140,3,0,Booking.com,Online payment,Completed,280
CUST-00217,BOOK-00217,Adam Korhonen,Sweden,2025-07-18,2025-07-23,2025-07-30,7,Summer,Superior Room,SU-01,Slope view,French balcony,French balcony or balcony,140,1,0,Booking.com,Debit card,Completed,980
CUST-00218,BOOK-00218,Nora Koskinen,Netherlands,2025-03-03,2025-06-19,2025-06-23,4,Summer,Sky Suite,SS-01,Slope view,Balcony,Igloo; bathtub; sauna; French balcony or balcony,298,2,0,Expedia,Credit card,Cancelled,0
CUST-00219,BOOK-00219,Ella Petrov,Austria,2026-01-25,2026-02-13,2026-02-18,5,Winter,Standard Room,SR-31,Forest view,Balcony,French balcony or balcony,100,3,1,Expedia,Online payment,No-show,0
CUST-00220,BOOK-00220,Felix Santos,Spain,2025-02-04,2025-07-15,2025-07-19,4,Summer,Standard Room,SR-40,Forest view,French balcony,French balcony or balcony,95,2,0,Travel agency,Debit card,Completed,380
CUST-00221,BOOK-00221,Elias Lehtonen,Belgium,2025-09-24,2026-03-07,2026-03-12,5,Winter,Standard Room,SR-10,Forest view,French balcony,French balcony or balcony,100,4,0,Phone,Invoice,Cancelled,0
CUST-00222,BOOK-00222,Julia Petrov,Sweden,2025-09-28,2025-11-05,2025-11-07,2,Winter,Standard View Room,SV-09,Slope view,Balcony,French balcony or balcony,120,2,2,Corporate,Invoice,Cancelled,0
CUST-00223,BOOK-00223,Adam Laine,Austria,2025-11-17,2025-12-08,2025-12-12,4,Winter,Superior Room,SU-20,Slope view,French balcony,French balcony or balcony,140,2,2,Booking.com,Online payment,Completed,560
CUST-00224,BOOK-00224,Anna Johansson,Italy,2025-08-12,2025-10-12,2025-10-18,6,Shoulder,Sky Suite,SS-01,Slope view,French balcony,Igloo; bathtub; sauna; French balcony or balcony,298,4,0,Corporate,Credit card,Completed,1788
CUST-00225,BOOK-00225,Eetu Brown,Belgium,2025-06-25,2025-08-19,2025-08-21,2,Summer,Standard View Room,SV-02,Forest view,Balcony,French balcony or balcony,120,2,0,Direct website,Credit card,Cancelled,0
CUST-00226,BOOK-00226,Ella Järvinen,Estonia,2025-07-12,2025-08-20,2025-08-26,6,Summer,Standard Room,SR-12,Slope view,French balcony,French balcony or balcony,95,3,2,Travel agency,Credit card,No-show,0
CUST-00227,BOOK-00227,Amelia Schmidt,United States,2025-12-20,2026-05-13,2026-05-16,3,Shoulder,Superior Family Room,SF-02,Forest view,French balcony,French balcony or balcony,170,2,0,Booking.com,Credit card,Completed,510
CUST-00228,BOOK-00228,Ava Müller,Austria,2025-03-02,2025-06-07,2025-06-09,2,Summer,Superior Family Room,SF-08,Forest view,French balcony,French balcony or balcony,170,2,0,Direct website,Credit card,Completed,340
CUST-00229,BOOK-00229,Oliver Novak,Estonia,2025-06-01,2025-07-04,2025-07-06,2,Summer,Superior Room,SU-14,Slope view,French balcony,French balcony or balcony,140,4,0,Corporate,Invoice,Completed,280
CUST-00230,BOOK-00230,Iida Järvinen,United Kingdom,2025-10-09,2025-12-20,2025-12-24,4,Winter,Standard View Room,SV-24,Slope view,Balcony,French balcony or balcony,120,2,0,Corporate,Debit card,Completed,480
CUST-00231,BOOK-00231,Leo Nieminen,Italy,2026-01-18,2026-04-28,2026-05-01,3,Winter,Standard View Room,SV-01,Forest view,French balcony,French balcony or balcony,120,2,1,Corporate,Debit card,Cancelled,0
CUST-00232,BOOK-00232,Iida Karlsson,Canada,2026-01-19,2026-04-19,2026-04-29,10,Winter,Standard View Room,SV-02,Forest view,Balcony,French balcony or balcony,120,2,0,Expedia,Debit card,Cancelled,0
CUST-00233,BOOK-00233,Elsa Rantanen,Netherlands,2025-05-05,2025-06-16,2025-06-23,7,Summer,Superior Family Room,SF-07,Slope view,French balcony,French balcony or balcony,170,2,0,Corporate,Credit card,Cancelled,0
CUST-00234,BOOK-00234,Liam Heikkinen,Netherlands,2025-04-21,2025-09-21,2025-09-25,4,Shoulder,Deluxe Sky Suite,DS-02,Forest view,Balcony,Igloo; bathtub; sauna; French balcony or balcony,500,3,1,Corporate,Credit card,Completed,2000
CUST-00235,BOOK-00235,Julia Brown,Spain,2025-10-13,2025-11-28,2025-12-05,7,Winter,Standard View Room,SV-07,Slope view,Balcony,French balcony or balcony,120,1,0,Corporate,Debit card,Completed,840
CUST-00236,BOOK-00236,Ava Santos,Germany,2025-03-14,2025-06-11,2025-06-15,4,Summer,Standard Room,SR-05,Slope view,French balcony,French balcony or balcony,95,4,1,Expedia,Credit card,No-show,0
CUST-00237,BOOK-00237,Elsa Schmidt,Belgium,2025-05-23,2025-06-12,2025-06-14,2,Summer,Superior Room,SU-18,Slope view,Balcony,French balcony or balcony,140,3,1,Corporate,Credit card,Completed,280
CUST-00238,BOOK-00238,Julia Martin,Estonia,2025-10-05,2025-11-20,2025-11-23,3,Winter,Standard Room,SR-41,Slope view,Balcony,French balcony or balcony,100,2,0,Booking.com,Invoice,Cancelled,0
CUST-00239,BOOK-00239,Felix Hansen,Sweden,2025-09-18,2025-11-05,2025-11-10,5,Winter,Standard Room,SR-01,Slope view,Balcony,French balcony or balcony,100,4,2,Booking.com,Credit card,Completed,500
CUST-00240,BOOK-00240,Anna Heikkinen,Norway,2025-08-21,2026-02-10,2026-02-12,2,Winter,Superior Room,SU-16,Forest view,Balcony,French balcony or balcony,140,2,0,Booking.com,Credit card,Completed,280
CUST-00241,BOOK-00241,Olivia Johansson,Poland,2025-10-14,2025-11-27,2025-11-30,3,Winter,Standard Room,SR-38,Slope view,Balcony,French balcony or balcony,100,2,0,Corporate,Invoice,Completed,300
CUST-00242,BOOK-00242,Emma Johansson,Norway,2025-07-12,2025-07-22,2025-07-28,6,Summer,Superior Family Room,SF-09,Slope view,Balcony,French balcony or balcony,170,1,0,Direct website,Credit card,Completed,1020
CUST-00243,BOOK-00243,Elina Petrov,Norway,2025-08-27,2025-11-23,2025-11-25,2,Winter,Standard View Room,SV-02,Forest view,Balcony,French balcony or balcony,120,3,0,Phone,Debit card,Completed,240
CUST-00244,BOOK-00244,Lucas Järvinen,Poland,2025-10-09,2026-04-07,2026-04-14,7,Winter,Standard Room,SR-30,Slope view,Balcony,French balcony or balcony,100,3,0,Direct website,Credit card,Completed,700
CUST-00245,BOOK-00245,Samuel Korhonen,Poland,2025-11-25,2025-12-19,2025-12-23,4,Winter,Superior Family Room,SF-10,Forest view,Balcony,French balcony or balcony,170,3,1,Travel agency,Debit card,Completed,680
CUST-00246,BOOK-00246,Hugo Schmidt,Denmark,2025-05-01,2025-07-20,2025-07-21,1,Summer,Standard Room,SR-39,Slope view,Balcony,French balcony or balcony,95,2,2,Expedia,Credit card,Completed,95
CUST-00247,BOOK-00247,Samuel Heikkinen,United States,2026-04-12,2026-04-25,2026-04-29,4,Winter,Standard Room,SR-17,Forest view,Balcony,French balcony or balcony,100,2,0,Expedia,Credit card,Cancelled,0
CUST-00248,BOOK-00248,Oscar Andersen,Netherlands,2025-03-27,2025-08-17,2025-08-22,5,Summer,Superior Room,SU-06,Slope view,French balcony,French balcony or balcony,140,3,1,Travel agency,Invoice,Completed,700
CUST-00249,BOOK-00249,Ella Smith,Germany,2026-02-17,2026-03-21,2026-03-28,7,Winter,Standard View Room,SV-20,Slope view,Balcony,French balcony or balcony,120,2,3,Booking.com,Debit card,Cancelled,0
CUST-00250,BOOK-00250,Ava Müller,Germany,2025-03-03,2025-08-04,2025-08-05,1,Summer,Standard Room,SR-01,Slope view,Balcony,French balcony or balcony,95,2,1,Direct website,Credit card,Cancelled,0
CUST-00251,BOOK-00251,Elsa Johansson,Finland,2025-07-08,2025-12-16,2025-12-20,4,Winter,Standard View Room,SV-17,Slope view,Balcony,French balcony or balcony,120,2,0,Corporate,Credit card,Completed,480
CUST-00252,BOOK-00252,Iida Novak,Poland,2025-05-17,2025-07-25,2025-07-29,4,Summer,Standard Room,SR-21,Slope view,Balcony,French balcony or balcony,95,3,0,Travel agency,Credit card,No-show,0
CUST-00253,BOOK-00253,Ella Hansen,Estonia,2025-03-03,2025-08-28,2025-08-31,3,Summer,Standard Room,SR-15,Slope view,French balcony,French balcony or balcony,95,1,0,Expedia,Online payment,Cancelled,0
CUST-00254,BOOK-00254,Julia Schmidt,Denmark,2025-04-12,2025-06-11,2025-06-14,3,Summer,Superior Family Room,SF-01,Slope view,French balcony,French balcony or balcony,170,2,1,Expedia,Online payment,Completed,510
CUST-00255,BOOK-00255,Alexander Bianchi,Canada,2025-08-19,2025-12-31,2026-01-04,4,Winter,Standard Room,SR-34,Slope view,Balcony,French balcony or balcony,100,3,0,Booking.com,Credit card,Completed,400
CUST-00256,BOOK-00256,Felix Korhonen,United Kingdom,2025-09-17,2025-11-07,2025-11-12,5,Winter,Standard View Room,SV-20,Slope view,French balcony,French balcony or balcony,120,3,0,Travel agency,Credit card,No-show,0
CUST-00257,BOOK-00257,Adam Hansen,Denmark,2025-06-09,2025-12-02,2025-12-07,5,Winter,Standard Room,SR-03,Forest view,French balcony,French balcony or balcony,100,2,0,Travel agency,Debit card,Cancelled,0
CUST-00258,BOOK-00258,Oliver Salminen,Finland,2025-10-21,2026-01-29,2026-02-02,4,Winter,Standard Room,SR-10,Forest view,French balcony,French balcony or balcony,100,2,0,Booking.com,Debit card,Completed,400
CUST-00259,BOOK-00259,Adam Korhonen,Finland,2025-12-26,2026-04-28,2026-05-01,3,Winter,Standard Room,SR-08,Forest view,French balcony,French balcony or balcony,100,3,1,Direct website,Debit card,Cancelled,0
CUST-00260,BOOK-00260,Isla Novak,Austria,2025-07-09,2025-10-08,2025-10-12,4,Shoulder,Sky Suite,SS-01,Slope view,Balcony,Igloo; bathtub; sauna; French balcony or balcony,298,2,0,Phone,Invoice,Completed,1192
CUST-00261,BOOK-00261,Elina Martin,Spain,2026-01-08,2026-03-27,2026-03-29,2,Winter,Standard View Room,SV-17,Slope view,French balcony,French balcony or balcony,120,2,0,Expedia,Online payment,Completed,240
CUST-00262,BOOK-00262,Ava Laine,Netherlands,2025-10-04,2025-10-20,2025-10-23,3,Shoulder,Superior Room,SU-16,Forest view,Balcony,French balcony or balcony,140,3,1,Phone,Credit card,Completed,420
CUST-00263,BOOK-00263,Amelia Hansen,Sweden,2025-12-02,2026-05-02,2026-05-06,4,Shoulder,Standard Room,SR-16,Slope view,French balcony,French balcony or balcony,100,2,1,Phone,Invoice,Cancelled,0
CUST-00264,BOOK-00264,Liam Salminen,Denmark,2026-01-08,2026-05-10,2026-05-13,3,Shoulder,Standard Room,SR-10,Forest view,French balcony,French balcony or balcony,100,3,1,Corporate,Debit card,No-show,0
CUST-00265,BOOK-00265,Nora Bianchi,Spain,2026-01-26,2026-05-15,2026-05-22,7,Shoulder,Superior Room,SU-08,Slope view,Balcony,French balcony or balcony,140,2,0,Travel agency,Credit card,Completed,980
CUST-00266,BOOK-00266,Emilia Karlsson,France,2025-09-19,2026-01-27,2026-01-29,2,Winter,Superior Room,SU-18,Slope view,French balcony,French balcony or balcony,140,3,0,Expedia,Invoice,No-show,0
CUST-00267,BOOK-00267,Alexander Miller,United States,2025-05-21,2025-06-28,2025-07-05,7,Summer,Standard Room,SR-25,Forest view,Balcony,French balcony or balcony,95,3,0,Direct website,Invoice,Completed,665
CUST-00268,BOOK-00268,Aino Johansson,Italy,2025-09-24,2025-11-18,2025-11-23,5,Winter,Standard Room,SR-02,Slope view,French balcony,French balcony or balcony,100,2,0,Direct website,Debit card,Completed,500
CUST-00269,BOOK-00269,Olivia Korhonen,Sweden,2025-11-24,2026-04-11,2026-04-15,4,Winter,Standard View Room,SV-27,Forest view,French balcony,French balcony or balcony,120,3,2,Expedia,Debit card,Cancelled,0
CUST-00270,BOOK-00270,Iida Salminen,Germany,2025-05-13,2025-06-10,2025-06-15,5,Summer,Superior Room,SU-05,Slope view,Balcony,French balcony or balcony,140,2,0,Direct website,Credit card,Completed,700
CUST-00271,BOOK-00271,Elsa Koskinen,Poland,2025-05-07,2025-10-31,2025-11-07,7,Shoulder,Standard View Room,SV-13,Forest view,French balcony,French balcony or balcony,120,2,2,Expedia,Debit card,No-show,0
CUST-00272,BOOK-00272,Nora Lehtonen,Germany,2025-06-29,2025-08-24,2025-08-31,7,Summer,Sky Suite,SS-02,Forest view,French balcony,Igloo; bathtub; sauna; French balcony or balcony,298,2,0,Expedia,Credit card,Completed,2086
CUST-00273,BOOK-00273,Leo Wilson,Sweden,2025-06-22,2025-12-10,2025-12-17,7,Winter,Standard Room,SR-43,Forest view,French balcony,French balcony or balcony,100,3,0,Phone,Credit card,No-show,0
CUST-00274,BOOK-00274,Noah Järvinen,Finland,2025-10-13,2025-12-31,2026-01-04,4,Winter,Standard Room,SR-18,Slope view,Balcony,French balcony or balcony,100,3,1,Expedia,Debit card,Cancelled,0
CUST-00275,BOOK-00275,Eetu Salminen,Denmark,2025-12-03,2026-01-01,2026-01-07,6,Winter,Standard Room,SR-22,Slope view,Balcony,French balcony or balcony,100,2,0,Expedia,Debit card,No-show,0
CUST-00276,BOOK-00276,Julia Kowalski,France,2025-06-06,2025-12-01,2025-12-06,5,Winter,Standard Room,SR-32,Slope view,Balcony,French balcony or balcony,100,2,0,Phone,Credit card,No-show,0
CUST-00277,BOOK-00277,Adam Nieminen,Denmark,2025-05-21,2025-07-27,2025-08-02,6,Summer,Superior Room,SU-11,Slope view,French balcony,French balcony or balcony,140,2,3,Expedia,Invoice,Completed,840
CUST-00278,BOOK-00278,Samuel Santos,Estonia,2025-03-07,2025-06-26,2025-06-28,2,Summer,Standard Room,SR-02,Slope view,French balcony,French balcony or balcony,95,2,1,Direct website,Credit card,Completed,190
CUST-00279,BOOK-00279,Oskari Novak,Norway,2025-05-05,2025-08-10,2025-08-15,5,Summer,Standard Room,SR-23,Forest view,Balcony,French balcony or balcony,95,2,0,Travel agency,Online payment,Cancelled,0
CUST-00280,BOOK-00280,Eetu Laine,Sweden,2025-11-03,2025-12-15,2025-12-20,5,Winter,Standard View Room,SV-32,Forest view,French balcony,French balcony or balcony,120,2,0,Corporate,Invoice,Completed,600
CUST-00281,BOOK-00281,Mila Karlsson,Canada,2025-08-02,2025-09-01,2025-09-05,4,Shoulder,Superior Family Room,SF-03,Forest view,Balcony,French balcony or balcony,170,2,0,Phone,Online payment,Completed,680
CUST-00282,BOOK-00282,Felix Lehtonen,Estonia,2025-01-24,2025-06-07,2025-06-12,5,Summer,Superior Room,SU-04,Forest view,French balcony,French balcony or balcony,140,2,1,Travel agency,Online payment,No-show,0
CUST-00283,BOOK-00283,Leo Korhonen,United Kingdom,2025-12-26,2026-05-06,2026-05-11,5,Shoulder,Standard View Room,SV-31,Forest view,Balcony,French balcony or balcony,120,3,2,Direct website,Invoice,No-show,0
CUST-00284,BOOK-00284,Nora Brown,Austria,2025-07-30,2025-11-12,2025-11-15,3,Winter,Deluxe Sky Suite,DS-02,Forest view,French balcony,Igloo; bathtub; sauna; French balcony or balcony,700,1,0,Corporate,Invoice,No-show,0
CUST-00285,BOOK-00285,Elias Mäkinen,Austria,2025-03-31,2025-07-16,2025-07-22,6,Summer,Standard View Room,SV-24,Slope view,French balcony,French balcony or balcony,120,2,0,Direct website,Online payment,Cancelled,0
CUST-00286,BOOK-00286,Samuel Müller,Sweden,2025-12-19,2026-02-16,2026-02-20,4,Winter,Superior Room,SU-15,Forest view,Balcony,French balcony or balcony,140,2,1,Corporate,Invoice,Completed,560
CUST-00287,BOOK-00287,Aino Koskinen,Belgium,2025-11-20,2026-05-03,2026-05-06,3,Shoulder,Standard View Room,SV-17,Slope view,Balcony,French balcony or balcony,120,2,0,Direct website,Credit card,Completed,360
CUST-00288,BOOK-00288,Sofia Saarinen,France,2025-07-05,2025-08-24,2025-08-28,4,Summer,Superior Family Room,SF-05,Forest view,French balcony,French balcony or balcony,170,4,0,Travel agency,Debit card,Cancelled,0
CUST-00289,BOOK-00289,Eetu Silva,United States,2025-07-25,2025-11-21,2025-11-23,2,Winter,Standard View Room,SV-02,Forest view,French balcony,French balcony or balcony,120,4,0,Phone,Credit card,No-show,0
CUST-00290,BOOK-00290,Liam Rossi,United Kingdom,2026-02-05,2026-03-11,2026-03-18,7,Winter,Superior Family Room,SF-10,Forest view,French balcony,French balcony or balcony,170,2,1,Expedia,Invoice,No-show,0
CUST-00291,BOOK-00291,Oskari Hansen,Estonia,2025-10-16,2026-01-01,2026-01-11,10,Winter,Sky Suite,SS-01,Slope view,Balcony,Igloo; bathtub; sauna; French balcony or balcony,298,3,0,Corporate,Online payment,Completed,2980
CUST-00292,BOOK-00292,Lucas Järvinen,France,2025-09-28,2026-03-08,2026-03-14,6,Winter,Superior Room,SU-07,Forest view,Balcony,French balcony or balcony,140,3,2,Booking.com,Debit card,No-show,0
CUST-00293,BOOK-00293,Iida Brown,Canada,2025-09-15,2026-02-13,2026-02-17,4,Winter,Superior Room,SU-10,Forest view,Balcony,French balcony or balcony,140,3,2,Corporate,Online payment,Completed,560
CUST-00294,BOOK-00294,Noah Virtanen,Sweden,2025-11-11,2026-01-03,2026-01-09,6,Winter,Standard View Room,SV-37,Forest view,Balcony,French balcony or balcony,120,3,0,Expedia,Online payment,Cancelled,0
CUST-00295,BOOK-00295,Oscar Virtanen,Belgium,2025-04-19,2025-08-14,2025-08-20,6,Summer,Superior Room,SU-11,Slope view,French balcony,French balcony or balcony,140,2,1,Corporate,Debit card,Completed,840
CUST-00296,BOOK-00296,Leo Kowalski,Austria,2026-01-17,2026-04-28,2026-05-02,4,Winter,Standard Room,SR-05,Slope view,Balcony,French balcony or balcony,100,4,3,Expedia,Credit card,Completed,400
CUST-00297,BOOK-00297,Nora Kowalski,Belgium,2025-01-06,2025-06-07,2025-06-12,5,Summer,Standard Room,SR-18,Slope view,French balcony,French balcony or balcony,95,3,2,Expedia,Invoice,Cancelled,0
CUST-00298,BOOK-00298,Eetu Hansen,Sweden,2025-05-11,2025-08-30,2025-09-09,10,Summer,Standard Room,SR-40,Forest view,Balcony,French balcony or balcony,95,2,0,Corporate,Online payment,No-show,0
CUST-00299,BOOK-00299,Noah Kowalski,Estonia,2024-12-31,2025-06-03,2025-06-06,3,Summer,Superior Room,SU-11,Slope view,French balcony,French balcony or balcony,140,3,1,Phone,Online payment,Completed,420
CUST-00300,BOOK-00300,Elsa Lehtonen,United Kingdom,2025-09-25,2026-02-07,2026-02-13,6,Winter,Standard View Room,SV-39,Forest view,French balcony,French balcony or balcony,120,3,0,Corporate,Invoice,Completed,720
CUST-00301,BOOK-00301,Mikael Rantanen,Spain,2025-05-22,2025-07-18,2025-07-21,3,Summer,Deluxe Room,DR-05,Forest view,Balcony,Bathtub and sauna; French balcony or balcony,200,4,1,Phone,Credit card,Completed,600
CUST-00302,BOOK-00302,Matti Petrov,Sweden,2025-02-03,2025-07-29,2025-08-03,5,Summer,Standard View Room,SV-37,Forest view,Balcony,French balcony or balcony,120,2,1,Direct website,Invoice,No-show,0
CUST-00303,BOOK-00303,Samuel Smith,United States,2025-06-06,2025-10-10,2025-10-14,4,Shoulder,Standard Room,SR-18,Slope view,French balcony,French balcony or balcony,100,2,1,Expedia,Credit card,No-show,0
CUST-00304,BOOK-00304,Aino Martin,Norway,2025-05-26,2025-07-20,2025-07-22,2,Summer,Sky Suite,SS-01,Slope view,French balcony,Igloo; bathtub; sauna; French balcony or balcony,298,3,0,Direct website,Debit card,No-show,0
CUST-00305,BOOK-00305,Emilia Bianchi,Germany,2026-02-23,2026-03-03,2026-03-09,6,Winter,Deluxe Room,DR-05,Forest view,Balcony,Bathtub and sauna; French balcony or balcony,200,3,0,Direct website,Credit card,Cancelled,0
CUST-00306,BOOK-00306,Linnea Andersen,Austria,2025-05-06,2025-08-31,2025-09-06,6,Summer,Standard View Room,SV-14,Slope view,Balcony,French balcony or balcony,120,2,0,Phone,Credit card,Completed,720
CUST-00307,BOOK-00307,Ella Rossi,Norway,2025-11-28,2026-03-01,2026-03-02,1,Winter,Superior Room,SU-17,Slope view,French balcony,French balcony or balcony,140,2,1,Corporate,Credit card,No-show,0
CUST-00308,BOOK-00308,Hugo Heikkinen,Netherlands,2025-09-17,2025-10-23,2025-10-28,5,Shoulder,Standard View Room,SV-01,Forest view,Balcony,French balcony or balcony,120,3,1,Expedia,Debit card,Completed,600
CUST-00309,BOOK-00309,Aino Brown,Germany,2025-09-28,2025-10-31,2025-11-05,5,Shoulder,Sky Suite,SS-01,Slope view,French balcony,Igloo; bathtub; sauna; French balcony or balcony,298,1,0,Corporate,Credit card,Completed,1490
CUST-00310,BOOK-00310,Lucas Andersen,Germany,2025-09-22,2025-11-04,2025-11-07,3,Winter,Superior Room,SU-07,Forest view,French balcony,French balcony or balcony,140,2,1,Booking.com,Credit card,Completed,420
CUST-00311,BOOK-00311,Alma Martin,Norway,2025-06-17,2025-09-01,2025-09-06,5,Shoulder,Standard View Room,SV-30,Slope view,French balcony,French balcony or balcony,120,2,0,Corporate,Invoice,No-show,0
CUST-00312,BOOK-00312,Sara Wilson,Norway,2025-09-27,2025-11-17,2025-11-20,3,Winter,Superior Room,SU-08,Slope view,Balcony,French balcony or balcony,140,2,0,Phone,Online payment,Completed,420
CUST-00313,BOOK-00313,Isla Heikkinen,Finland,2026-03-01,2026-05-22,2026-05-26,4,Shoulder,Standard View Room,SV-08,Forest view,French balcony,French balcony or balcony,120,3,1,Phone,Invoice,Completed,480
CUST-00314,BOOK-00314,Hugo Johansson,United States,2025-07-19,2025-10-20,2025-10-26,6,Shoulder,Standard Room,SR-21,Slope view,Balcony,French balcony or balcony,100,2,0,Phone,Credit card,Completed,600
CUST-00315,BOOK-00315,Linnea Bianchi,Norway,2025-10-01,2025-10-22,2025-10-28,6,Shoulder,Standard Room,SR-37,Forest view,French balcony,French balcony or balcony,100,3,1,Corporate,Invoice,Completed,600
CUST-00316,BOOK-00316,Oscar Karlsson,Germany,2025-12-25,2026-03-30,2026-04-02,3,Winter,Standard Room,SR-05,Slope view,Balcony,French balcony or balcony,100,2,1,Phone,Online payment,No-show,0
CUST-00317,BOOK-00317,Adam Korhonen,Netherlands,2025-03-02,2025-08-08,2025-08-12,4,Summer,Standard View Room,SV-16,Slope view,French balcony,French balcony or balcony,120,3,0,Booking.com,Debit card,Completed,480
CUST-00318,BOOK-00318,Iida Virtanen,Netherlands,2025-11-11,2026-03-17,2026-03-24,7,Winter,Superior Room,SU-12,Slope view,French balcony,French balcony or balcony,140,1,0,Direct website,Debit card,Cancelled,0
CUST-00319,BOOK-00319,Ella Virtanen,Estonia,2026-01-24,2026-02-21,2026-02-28,7,Winter,Standard View Room,SV-07,Slope view,Balcony,French balcony or balcony,120,3,0,Corporate,Debit card,Cancelled,0
CUST-00320,BOOK-00320,Elsa Saarinen,Austria,2025-10-12,2025-12-10,2025-12-15,5,Winter,Standard View Room,SV-33,Forest view,Balcony,French balcony or balcony,120,2,2,Travel agency,Invoice,Completed,600
CUST-00321,BOOK-00321,Nora Nieminen,Italy,2026-02-09,2026-04-06,2026-04-07,1,Winter,Deluxe Room,DR-05,Forest view,French balcony,Bathtub and sauna; French balcony or balcony,200,2,0,Phone,Credit card,Completed,200
CUST-00322,BOOK-00322,Hugo Dubois,Canada,2026-01-01,2026-05-05,2026-05-08,3,Shoulder,Superior Family Room,SF-05,Forest view,French balcony,French balcony or balcony,170,2,1,Travel agency,Credit card,Completed,510
CUST-00323,BOOK-00323,Adam Virtanen,Germany,2025-09-17,2025-10-03,2025-10-04,1,Shoulder,Standard View Room,SV-01,Forest view,French balcony,French balcony or balcony,120,2,0,Travel agency,Credit card,Completed,120
CUST-00324,BOOK-00324,Hugo Schmidt,Canada,2026-03-21,2026-05-05,2026-05-11,6,Shoulder,Sky Suite,SS-02,Forest view,French balcony,Igloo; bathtub; sauna; French balcony or balcony,298,3,1,Corporate,Debit card,Cancelled,0
CUST-00325,BOOK-00325,Alma Wilson,Norway,2026-02-15,2026-04-16,2026-04-21,5,Winter,Standard Room,SR-10,Forest view,Balcony,French balcony or balcony,100,2,0,Booking.com,Invoice,Completed,500
CUST-00326,BOOK-00326,Ella Novak,Denmark,2025-07-22,2025-08-16,2025-08-20,4,Summer,Standard Room,SR-16,Slope view,Balcony,French balcony or balcony,95,3,2,Corporate,Credit card,No-show,0
CUST-00327,BOOK-00327,Elsa Andersen,Netherlands,2026-01-09,2026-05-14,2026-05-19,5,Shoulder,Standard View Room,SV-11,Slope view,Balcony,French balcony or balcony,120,2,1,Phone,Credit card,Completed,600
CUST-00328,BOOK-00328,Sara Wilson,Poland,2025-10-29,2026-01-04,2026-01-06,2,Winter,Standard View Room,SV-15,Forest view,French balcony,French balcony or balcony,120,1,1,Direct website,Credit card,Completed,240
CUST-00329,BOOK-00329,Alexander Rantanen,Denmark,2026-01-12,2026-02-22,2026-02-23,1,Winter,Superior Room,SU-06,Slope view,Balcony,French balcony or balcony,140,3,0,Corporate,Invoice,Completed,140
CUST-00330,BOOK-00330,Lucas Andersen,Canada,2026-01-29,2026-03-17,2026-03-20,3,Winter,Standard Room,SR-08,Forest view,Balcony,French balcony or balcony,100,2,0,Expedia,Online payment,Cancelled,0
CUST-00331,BOOK-00331,Nora Johansson,United Kingdom,2025-11-24,2025-12-21,2025-12-26,5,Winter,Deluxe Room,DR-05,Forest view,French balcony,Bathtub and sauna; French balcony or balcony,200,2,1,Corporate,Credit card,Completed,1000
CUST-00332,BOOK-00332,Noah Karlsson,Poland,2025-07-29,2025-08-22,2025-08-25,3,Summer,Superior Room,SU-03,Forest view,French balcony,French balcony or balcony,140,2,0,Corporate,Credit card,Completed,420
CUST-00333,BOOK-00333,Sara Rossi,Sweden,2025-10-29,2025-12-14,2025-12-21,7,Winter,Standard View Room,SV-40,Forest view,Balcony,French balcony or balcony,120,2,0,Phone,Online payment,No-show,0
CUST-00334,BOOK-00334,Emma Dubois,Sweden,2025-06-06,2025-09-08,2025-09-09,1,Shoulder,Standard View Room,SV-03,Forest view,French balcony,French balcony or balcony,120,3,3,Direct website,Online payment,Completed,120
CUST-00335,BOOK-00335,Elsa Korhonen,Norway,2025-11-27,2025-12-22,2025-12-25,3,Winter,Standard View Room,SV-30,Slope view,Balcony,French balcony or balcony,120,3,0,Corporate,Online payment,Completed,360
CUST-00336,BOOK-00336,Alma Kowalski,Austria,2025-06-29,2025-11-25,2025-12-05,10,Winter,Standard Room,SR-05,Slope view,French balcony,French balcony or balcony,100,2,0,Direct website,Credit card,Completed,1000
CUST-00337,BOOK-00337,Linnea Novak,Italy,2025-08-18,2026-02-13,2026-02-16,3,Winter,Sky Suite,SS-02,Forest view,Balcony,Igloo; bathtub; sauna; French balcony or balcony,298,4,0,Booking.com,Online payment,No-show,0
CUST-00338,BOOK-00338,Hugo Mäkinen,Italy,2026-01-02,2026-01-21,2026-01-26,5,Winter,Deluxe Room,DR-03,Forest view,Balcony,Bathtub and sauna; French balcony or balcony,200,3,3,Phone,Debit card,Completed,1000
CUST-00339,BOOK-00339,Linnea Lehtonen,Spain,2025-10-15,2025-11-09,2025-11-12,3,Winter,Standard View Room,SV-17,Slope view,Balcony,French balcony or balcony,120,3,1,Direct website,Debit card,Completed,360
CUST-00340,BOOK-00340,Liam Petrov,France,2025-09-23,2026-01-30,2026-02-02,3,Winter,Standard Room,SR-20,Forest view,French balcony,French balcony or balcony,100,2,0,Expedia,Debit card,Completed,300
CUST-00341,BOOK-00341,Noah Silva,Denmark,2025-08-25,2025-09-26,2025-09-29,3,Shoulder,Standard Room,SR-33,Forest view,French balcony,French balcony or balcony,100,3,1,Corporate,Credit card,Completed,300
CUST-00342,BOOK-00342,Anna Karlsson,Italy,2025-10-29,2026-03-05,2026-03-15,10,Winter,Deluxe Room,DR-02,Slope view,French balcony,Bathtub and sauna; French balcony or balcony,200,4,2,Expedia,Invoice,No-show,0
CUST-00343,BOOK-00343,Hugo Petrov,Sweden,2025-05-15,2025-09-22,2025-09-27,5,Shoulder,Standard Room,SR-35,Forest view,Balcony,French balcony or balcony,100,2,1,Booking.com,Invoice,Cancelled,0
CUST-00344,BOOK-00344,Aino Dubois,France,2025-04-24,2025-08-01,2025-08-06,5,Summer,Standard View Room,SV-09,Slope view,French balcony,French balcony or balcony,120,2,1,Expedia,Debit card,Completed,600
CUST-00345,BOOK-00345,Samuel Heikkinen,Canada,2025-11-18,2026-03-08,2026-03-11,3,Winter,Standard Room,SR-05,Slope view,French balcony,French balcony or balcony,100,2,1,Expedia,Invoice,Completed,300
CUST-00346,BOOK-00346,Sofia Bianchi,Italy,2025-08-21,2025-10-22,2025-10-26,4,Shoulder,Standard View Room,SV-15,Forest view,Balcony,French balcony or balcony,120,3,0,Phone,Debit card,Completed,480
CUST-00347,BOOK-00347,Elsa Brown,Estonia,2025-09-25,2026-01-29,2026-02-04,6,Winter,Standard Room,SR-29,Forest view,Balcony,French balcony or balcony,100,2,2,Direct website,Invoice,Completed,600
CUST-00348,BOOK-00348,Hugo Müller,Denmark,2025-03-26,2025-07-21,2025-07-26,5,Summer,Standard Room,SR-27,Slope view,Balcony,French balcony or balcony,95,2,0,Corporate,Online payment,Completed,475
CUST-00349,BOOK-00349,Ava Miller,United Kingdom,2025-09-11,2025-11-24,2025-11-25,1,Winter,Standard Room,SR-06,Slope view,Balcony,French balcony or balcony,100,2,0,Phone,Invoice,No-show,0
CUST-00350,BOOK-00350,Emma Martin,Estonia,2025-03-24,2025-07-11,2025-07-14,3,Summer,Standard Room,SR-41,Slope view,Balcony,French balcony or balcony,95,3,0,Booking.com,Online payment,Completed,285
CUST-00351,BOOK-00351,Amelia Saarinen,United States,2025-06-23,2025-09-25,2025-09-28,3,Shoulder,Superior Room,SU-20,Slope view,Balcony,French balcony or balcony,140,2,0,Direct website,Debit card,Completed,420
CUST-00352,BOOK-00352,Lucas Heikkinen,Austria,2025-09-01,2025-09-29,2025-10-04,5,Shoulder,Sky Suite,SS-01,Slope view,French balcony,Igloo; bathtub; sauna; French balcony or balcony,298,1,2,Corporate,Credit card,Completed,1490
CUST-00353,BOOK-00353,Linnea Wilson,Germany,2025-05-22,2025-06-14,2025-06-20,6,Summer,Standard View Room,SV-34,Forest view,Balcony,French balcony or balcony,120,2,0,Expedia,Invoice,Completed,720
CUST-00354,BOOK-00354,Ella Dubois,Belgium,2026-01-22,2026-04-17,2026-04-19,2,Winter,Standard View Room,SV-01,Forest view,Balcony,French balcony or balcony,120,2,2,Expedia,Invoice,Completed,240
CUST-00355,BOOK-00355,Alma Martin,Poland,2025-03-26,2025-08-09,2025-08-19,10,Summer,Superior Room,SU-01,Slope view,Balcony,French balcony or balcony,140,4,0,Booking.com,Credit card,No-show,0
CUST-00356,BOOK-00356,Aino Korhonen,Germany,2025-10-15,2026-01-13,2026-01-16,3,Winter,Standard View Room,SV-01,Forest view,Balcony,French balcony or balcony,120,2,0,Travel agency,Invoice,Completed,360
CUST-00357,BOOK-00357,Nora Santos,Finland,2025-06-12,2025-11-01,2025-11-02,1,Winter,Standard View Room,SV-16,Slope view,Balcony,French balcony or balcony,120,2,2,Travel agency,Invoice,No-show,0
CUST-00358,BOOK-00358,Nora Saarinen,Norway,2025-06-18,2025-10-06,2025-10-08,2,Shoulder,Superior Room,SU-12,Slope view,French balcony,French balcony or balcony,140,2,1,Corporate,Online payment,Cancelled,0
CUST-00359,BOOK-00359,Ava Schmidt,Norway,2025-09-06,2025-10-24,2025-10-29,5,Shoulder,Standard View Room,SV-30,Slope view,French balcony,French balcony or balcony,120,2,1,Corporate,Invoice,Cancelled,0
CUST-00360,BOOK-00360,Noah Virtanen,Finland,2025-08-30,2025-10-18,2025-10-23,5,Shoulder,Standard View Room,SV-12,Slope view,French balcony,French balcony or balcony,120,2,0,Travel agency,Credit card,Completed,600
CUST-00361,BOOK-00361,Alexander Salminen,Canada,2025-06-23,2025-09-28,2025-09-30,2,Shoulder,Standard Room,SR-06,Slope view,Balcony,French balcony or balcony,100,3,0,Direct website,Debit card,Completed,200
CUST-00362,BOOK-00362,Liam Järvinen,Italy,2025-03-22,2025-06-29,2025-07-02,3,Summer,Standard View Room,SV-14,Slope view,French balcony,French balcony or balcony,120,2,1,Booking.com,Invoice,Cancelled,0
CUST-00363,BOOK-00363,Sofia Smith,France,2025-09-12,2026-01-13,2026-01-16,3,Winter,Deluxe Sky Suite,DS-02,Forest view,Balcony,Igloo; bathtub; sauna; French balcony or balcony,700,3,0,Expedia,Debit card,Cancelled,0
CUST-00364,BOOK-00364,Eetu Saarinen,Canada,2025-11-05,2026-04-19,2026-04-24,5,Winter,Superior Room,SU-04,Forest view,Balcony,French balcony or balcony,140,2,2,Phone,Debit card,No-show,0
CUST-00365,BOOK-00365,Oskari Miller,Denmark,2025-04-16,2025-07-28,2025-07-31,3,Summer,Standard View Room,SV-28,Slope view,French balcony,French balcony or balcony,120,1,0,Phone,Invoice,Completed,360
CUST-00366,BOOK-00366,Emma Karlsson,Norway,2025-11-23,2026-05-19,2026-05-23,4,Shoulder,Standard View Room,SV-40,Forest view,Balcony,French balcony or balcony,120,4,3,Phone,Credit card,Completed,480
CUST-00367,BOOK-00367,Mila Karlsson,Netherlands,2025-04-09,2025-07-01,2025-07-04,3,Summer,Standard Room,SR-46,Slope view,Balcony,French balcony or balcony,95,3,0,Booking.com,Credit card,Completed,285
CUST-00368,BOOK-00368,Julia Rossi,United States,2025-12-25,2026-05-19,2026-05-22,3,Shoulder,Superior Room,SU-18,Slope view,Balcony,French balcony or balcony,140,2,0,Corporate,Debit card,Completed,420
CUST-00369,BOOK-00369,Elina Heikkinen,Norway,2025-10-20,2026-03-06,2026-03-09,3,Winter,Superior Room,SU-15,Forest view,French balcony,French balcony or balcony,140,2,1,Corporate,Online payment,No-show,0
CUST-00370,BOOK-00370,Elias Wilson,Belgium,2025-08-12,2026-01-19,2026-01-20,1,Winter,Superior Room,SU-01,Slope view,French balcony,French balcony or balcony,140,2,0,Corporate,Invoice,Completed,140
CUST-00371,BOOK-00371,Sara Koskinen,Poland,2025-03-24,2025-09-06,2025-09-10,4,Shoulder,Standard View Room,SV-29,Slope view,Balcony,French balcony or balcony,120,2,0,Direct website,Credit card,Completed,480
CUST-00372,BOOK-00372,Ava Mäkinen,Sweden,2025-03-11,2025-08-06,2025-08-08,2,Summer,Standard Room,SR-34,Slope view,Balcony,French balcony or balcony,95,3,0,Phone,Online payment,Cancelled,0
CUST-00373,BOOK-00373,Lucas Martin,Canada,2025-06-04,2025-06-26,2025-06-29,3,Summer,Superior Room,SU-14,Slope view,Balcony,French balcony or balcony,140,3,0,Corporate,Invoice,Completed,420
CUST-00374,BOOK-00374,Elsa Virtanen,Norway,2025-09-18,2025-12-06,2025-12-12,6,Winter,Standard Room,SR-24,Slope view,French balcony,French balcony or balcony,100,4,2,Direct website,Credit card,Completed,600
CUST-00375,BOOK-00375,Felix Martin,United Kingdom,2025-05-06,2025-09-27,2025-10-01,4,Shoulder,Standard Room,SR-19,Forest view,Balcony,French balcony or balcony,100,3,1,Corporate,Online payment,Completed,400
CUST-00376,BOOK-00376,Emma Santos,United Kingdom,2025-12-21,2026-05-12,2026-05-16,4,Shoulder,Superior Room,SU-17,Slope view,Balcony,French balcony or balcony,140,2,1,Corporate,Invoice,Completed,560
CUST-00377,BOOK-00377,Alexander Silva,Poland,2025-09-05,2025-11-28,2025-12-05,7,Winter,Standard View Room,SV-18,Slope view,French balcony,French balcony or balcony,120,2,0,Corporate,Online payment,Completed,840
CUST-00378,BOOK-00378,Ella Salminen,Finland,2025-07-21,2025-12-02,2025-12-12,10,Winter,Standard View Room,SV-26,Slope view,French balcony,French balcony or balcony,120,4,0,Expedia,Debit card,Completed,1200
CUST-00379,BOOK-00379,Elina Smith,Germany,2025-08-23,2025-09-18,2025-09-24,6,Shoulder,Standard Room,SR-16,Slope view,French balcony,French balcony or balcony,100,2,0,Expedia,Online payment,Completed,600
CUST-00380,BOOK-00380,Felix Hansen,France,2026-03-05,2026-03-26,2026-03-29,3,Winter,Standard Room,SR-41,Slope view,Balcony,French balcony or balcony,100,3,0,Phone,Credit card,Completed,300
CUST-00381,BOOK-00381,Olivia Nieminen,Sweden,2026-01-04,2026-04-01,2026-04-06,5,Winter,Standard Room,SR-04,Forest view,Balcony,French balcony or balcony,100,3,0,Direct website,Debit card,No-show,0
CUST-00382,BOOK-00382,Leo Salminen,Sweden,2026-02-07,2026-05-01,2026-05-07,6,Shoulder,Sky Suite,SS-02,Forest view,French balcony,Igloo; bathtub; sauna; French balcony or balcony,298,2,1,Booking.com,Credit card,Cancelled,0
CUST-00383,BOOK-00383,Felix Smith,Norway,2026-03-14,2026-05-11,2026-05-16,5,Shoulder,Standard View Room,SV-11,Slope view,Balcony,French balcony or balcony,120,2,0,Booking.com,Online payment,No-show,0
CUST-00384,BOOK-00384,Linnea Nieminen,Austria,2025-03-05,2025-07-13,2025-07-17,4,Summer,Superior Room,SU-11,Slope view,Balcony,French balcony or balcony,140,3,0,Booking.com,Invoice,Cancelled,0
CUST-00385,BOOK-00385,Elina Wilson,Netherlands,2026-01-09,2026-03-14,2026-03-16,2,Winter,Standard View Room,SV-33,Forest view,French balcony,French balcony or balcony,120,2,0,Phone,Credit card,Completed,240
CUST-00386,BOOK-00386,Anna Rantanen,Finland,2025-05-09,2025-07-28,2025-08-02,5,Summer,Standard View Room,SV-08,Forest view,French balcony,French balcony or balcony,120,4,1,Travel agency,Debit card,Completed,600
CUST-00387,BOOK-00387,Noah Silva,Norway,2025-12-13,2026-01-12,2026-01-13,1,Winter,Superior Family Room,SF-03,Forest view,French balcony,French balcony or balcony,170,2,1,Booking.com,Online payment,Completed,170
CUST-00388,BOOK-00388,Hugo Korhonen,Estonia,2025-04-14,2025-06-08,2025-06-11,3,Summer,Superior Family Room,SF-08,Forest view,French balcony,French balcony or balcony,170,2,0,Expedia,Invoice,Cancelled,0
CUST-00389,BOOK-00389,Olivia Miller,Sweden,2026-02-07,2026-04-15,2026-04-20,5,Winter,Standard Room,SR-41,Slope view,French balcony,French balcony or balcony,100,1,0,Phone,Online payment,Completed,500
CUST-00390,BOOK-00390,Oskari Dubois,Belgium,2025-05-30,2025-06-28,2025-07-02,4,Summer,Sky Suite,SS-01,Slope view,French balcony,Igloo; bathtub; sauna; French balcony or balcony,298,2,2,Travel agency,Debit card,Cancelled,0
CUST-00391,BOOK-00391,Julia Schmidt,Norway,2025-10-24,2025-12-12,2025-12-16,4,Winter,Superior Room,SU-19,Slope view,French balcony,French balcony or balcony,140,2,0,Phone,Credit card,Completed,560
CUST-00392,BOOK-00392,Amelia Bianchi,United Kingdom,2025-06-15,2025-06-21,2025-06-24,3,Summer,Standard View Room,SV-22,Slope view,Balcony,French balcony or balcony,120,3,0,Expedia,Debit card,Cancelled,0
CUST-00393,BOOK-00393,Elias Petrov,Italy,2025-12-15,2026-02-12,2026-02-15,3,Winter,Standard Room,SR-44,Forest view,French balcony,French balcony or balcony,100,2,0,Booking.com,Credit card,Cancelled,0
CUST-00394,BOOK-00394,Alexander Lehtonen,Germany,2025-08-24,2025-12-13,2025-12-17,4,Winter,Superior Room,SU-09,Forest view,Balcony,French balcony or balcony,140,4,0,Corporate,Debit card,Completed,560
CUST-00395,BOOK-00395,Mila Salminen,Germany,2025-05-25,2025-09-14,2025-09-19,5,Shoulder,Standard View Room,SV-31,Forest view,French balcony,French balcony or balcony,120,3,0,Booking.com,Online payment,Completed,600
CUST-00396,BOOK-00396,Anna Müller,Germany,2025-06-26,2025-07-05,2025-07-09,4,Summer,Sky Suite,SS-02,Forest view,Balcony,Igloo; bathtub; sauna; French balcony or balcony,298,4,0,Travel agency,Online payment,Completed,1192
CUST-00397,BOOK-00397,Noah Silva,France,2025-12-15,2026-01-13,2026-01-18,5,Winter,Superior Family Room,SF-02,Forest view,French balcony,French balcony or balcony,170,2,1,Corporate,Online payment,Completed,850
CUST-00398,BOOK-00398,Elias Rantanen,Norway,2025-10-11,2026-04-07,2026-04-11,4,Winter,Standard Room,SR-08,Forest view,Balcony,French balcony or balcony,100,2,1,Travel agency,Online payment,Completed,400
CUST-00399,BOOK-00399,Ava Lehtonen,Sweden,2025-05-20,2025-09-03,2025-09-09,6,Shoulder,Standard View Room,SV-31,Forest view,French balcony,French balcony or balcony,120,4,2,Booking.com,Debit card,Completed,720
CUST-00400,BOOK-00400,Julia Rossi,Estonia,2025-05-17,2025-09-13,2025-09-15,2,Shoulder,Sky Suite,SS-02,Forest view,French balcony,Igloo; bathtub; sauna; French balcony or balcony,298,2,1,Corporate,Invoice,No-show,0
CUST-00401,BOOK-00401,Oscar Smith,Sweden,2025-06-26,2025-11-08,2025-11-11,3,Winter,Sky Suite,SS-02,Forest view,French balcony,Igloo; bathtub; sauna; French balcony or balcony,298,2,1,Direct website,Debit card,No-show,0
CUST-00402,BOOK-00402,Olivia Smith,Sweden,2026-01-02,2026-02-21,2026-02-25,4,Winter,Deluxe Sky Suite,DS-01,Forest view,Balcony,Igloo; bathtub; sauna; French balcony or balcony,700,2,2,Expedia,Invoice,No-show,0
CUST-00403,BOOK-00403,Noah Johansson,United States,2025-07-31,2025-08-25,2025-08-29,4,Summer,Superior Room,SU-06,Slope view,French balcony,French balcony or balcony,140,2,0,Phone,Debit card,No-show,0
CUST-00404,BOOK-00404,Laura Novak,France,2025-08-23,2025-12-19,2025-12-22,3,Winter,Standard View Room,SV-12,Slope view,French balcony,French balcony or balcony,120,2,1,Phone,Debit card,Cancelled,0
CUST-00405,BOOK-00405,Oliver Smith,Austria,2025-03-24,2025-08-03,2025-08-05,2,Summer,Superior Room,SU-15,Forest view,French balcony,French balcony or balcony,140,2,0,Booking.com,Online payment,Completed,280
CUST-00406,BOOK-00406,Liam Silva,Sweden,2025-11-28,2026-03-17,2026-03-24,7,Winter,Deluxe Room,DR-04,Forest view,Balcony,Bathtub and sauna; French balcony or balcony,200,2,1,Travel agency,Online payment,Completed,1400
CUST-00407,BOOK-00407,Linnea Korhonen,United States,2025-12-09,2026-04-17,2026-04-19,2,Winter,Deluxe Room,DR-01,Slope view,Balcony,Bathtub and sauna; French balcony or balcony,200,2,0,Travel agency,Debit card,Completed,400
CUST-00408,BOOK-00408,Oliver Wilson,Finland,2025-07-18,2025-09-20,2025-09-24,4,Shoulder,Standard View Room,SV-04,Forest view,Balcony,French balcony or balcony,120,2,0,Booking.com,Credit card,Cancelled,0
CUST-00409,BOOK-00409,Ella Dubois,Spain,2025-06-09,2025-09-03,2025-09-05,2,Shoulder,Superior Room,SU-07,Forest view,French balcony,French balcony or balcony,140,1,0,Booking.com,Debit card,Completed,280
CUST-00410,BOOK-00410,Felix Santos,United Kingdom,2026-01-13,2026-05-11,2026-05-14,3,Shoulder,Superior Room,SU-15,Forest view,Balcony,French balcony or balcony,140,4,0,Expedia,Online payment,No-show,0
CUST-00411,BOOK-00411,Elina Nieminen,Spain,2025-08-06,2025-12-06,2025-12-13,7,Winter,Superior Family Room,SF-04,Forest view,French balcony,French balcony or balcony,170,2,2,Expedia,Invoice,Cancelled,0
CUST-00412,BOOK-00412,Felix Bianchi,Norway,2025-10-22,2026-02-24,2026-02-27,3,Winter,Standard Room,SR-08,Forest view,Balcony,French balcony or balcony,100,2,1,Expedia,Online payment,Completed,300
CUST-00413,BOOK-00413,Julia Santos,United Kingdom,2025-03-01,2025-08-06,2025-08-10,4,Summer,Standard View Room,SV-39,Forest view,French balcony,French balcony or balcony,120,3,3,Direct website,Credit card,Cancelled,0
CUST-00414,BOOK-00414,Alexander Andersen,Sweden,2025-03-18,2025-06-13,2025-06-17,4,Summer,Superior Family Room,SF-09,Slope view,Balcony,French balcony or balcony,170,2,1,Direct website,Debit card,Completed,680
CUST-00415,BOOK-00415,Adam Brown,Estonia,2026-05-17,2026-05-20,2026-05-23,3,Shoulder,Superior Family Room,SF-09,Slope view,French balcony,French balcony or balcony,170,3,0,Phone,Credit card,Completed,510
CUST-00416,BOOK-00416,Hugo Santos,Sweden,2025-03-15,2025-08-29,2025-08-31,2,Summer,Superior Family Room,SF-05,Forest view,French balcony,French balcony or balcony,170,2,1,Corporate,Online payment,Cancelled,0
CUST-00417,BOOK-00417,Elsa Salminen,Estonia,2025-09-01,2026-01-23,2026-01-29,6,Winter,Standard View Room,SV-24,Slope view,French balcony,French balcony or balcony,120,2,1,Expedia,Credit card,Completed,720
CUST-00418,BOOK-00418,Emma Miller,Austria,2025-06-28,2025-08-16,2025-08-19,3,Summer,Standard Room,SR-04,Forest view,French balcony,French balcony or balcony,95,3,1,Phone,Online payment,No-show,0
CUST-00419,BOOK-00419,Samuel Johansson,Spain,2025-04-21,2025-06-17,2025-06-20,3,Summer,Standard Room,SR-18,Slope view,Balcony,French balcony or balcony,95,2,0,Direct website,Debit card,Completed,285
CUST-00420,BOOK-00420,Noah Järvinen,Estonia,2025-03-15,2025-07-18,2025-07-22,4,Summer,Standard Room,SR-02,Slope view,Balcony,French balcony or balcony,95,3,0,Direct website,Debit card,No-show,0
CUST-00421,BOOK-00421,Eetu Korhonen,Spain,2025-09-01,2025-09-14,2025-09-19,5,Shoulder,Standard View Room,SV-25,Forest view,French balcony,French balcony or balcony,120,2,2,Direct website,Online payment,No-show,0
CUST-00422,BOOK-00422,Anna Järvinen,France,2025-03-29,2025-06-12,2025-06-16,4,Summer,Standard Room,SR-19,Forest view,Balcony,French balcony or balcony,95,2,1,Phone,Credit card,Completed,380
CUST-00423,BOOK-00423,Elina Smith,Denmark,2025-08-25,2025-10-18,2025-10-20,2,Shoulder,Standard Room,SR-02,Slope view,Balcony,French balcony or balcony,100,2,0,Phone,Online payment,No-show,0
CUST-00424,BOOK-00424,Oscar Johansson,Sweden,2026-02-14,2026-03-21,2026-03-24,3,Winter,Standard Room,SR-39,Slope view,French balcony,French balcony or balcony,100,2,1,Direct website,Invoice,Completed,300
CUST-00425,BOOK-00425,Laura Martin,United States,2025-01-20,2025-06-28,2025-06-30,2,Summer,Standard View Room,SV-10,Slope view,Balcony,French balcony or balcony,120,2,1,Phone,Credit card,No-show,0
CUST-00426,BOOK-00426,Sofia Johansson,Spain,2025-08-01,2026-01-25,2026-01-29,4,Winter,Standard Room,SR-35,Forest view,Balcony,French balcony or balcony,100,2,2,Booking.com,Online payment,Cancelled,0
CUST-00427,BOOK-00427,Anna Johansson,Canada,2025-11-25,2025-12-04,2025-12-07,3,Winter,Superior Room,SU-16,Forest view,French balcony,French balcony or balcony,140,2,0,Travel agency,Debit card,Completed,420
CUST-00428,BOOK-00428,Sofia Hansen,Denmark,2025-07-30,2025-10-23,2025-10-28,5,Shoulder,Superior Room,SU-20,Slope view,French balcony,French balcony or balcony,140,3,0,Travel agency,Invoice,No-show,0
CUST-00429,BOOK-00429,Emilia Koskinen,France,2025-04-05,2025-10-01,2025-10-06,5,Shoulder,Standard View Room,SV-04,Forest view,Balcony,French balcony or balcony,120,3,0,Expedia,Debit card,Cancelled,0
CUST-00430,BOOK-00430,Julia Mäkinen,United States,2025-06-04,2025-08-28,2025-09-02,5,Summer,Standard Room,SR-47,Slope view,French balcony,French balcony or balcony,95,3,0,Travel agency,Credit card,No-show,0
CUST-00431,BOOK-00431,Anna Karlsson,Sweden,2026-03-09,2026-04-03,2026-04-05,2,Winter,Superior Family Room,SF-10,Forest view,French balcony,French balcony or balcony,170,3,2,Phone,Credit card,Cancelled,0
CUST-00432,BOOK-00432,Felix Johansson,France,2025-06-22,2025-08-15,2025-08-20,5,Summer,Standard View Room,SV-20,Slope view,Balcony,French balcony or balcony,120,2,1,Phone,Online payment,Cancelled,0
CUST-00433,BOOK-00433,Aino Wilson,Austria,2025-12-06,2026-01-09,2026-01-14,5,Winter,Sky Suite,SS-01,Slope view,Balcony,Igloo; bathtub; sauna; French balcony or balcony,298,1,2,Direct website,Credit card,No-show,0
CUST-00434,BOOK-00434,Elias Lehtonen,Poland,2025-10-12,2026-03-14,2026-03-20,6,Winter,Standard View Room,SV-14,Slope view,Balcony,French balcony or balcony,120,2,1,Travel agency,Invoice,Completed,720
CUST-00435,BOOK-00435,Ava Brown,Austria,2025-10-07,2026-01-09,2026-01-13,4,Winter,Superior Room,SU-07,Forest view,Balcony,French balcony or balcony,140,2,3,Phone,Debit card,Completed,560
CUST-00436,BOOK-00436,Isla Laine,Norway,2025-07-02,2025-08-08,2025-08-09,1,Summer,Superior Room,SU-16,Forest view,Balcony,French balcony or balcony,140,3,2,Phone,Invoice,Cancelled,0
CUST-00437,BOOK-00437,Olivia Rantanen,Netherlands,2026-02-26,2026-04-16,2026-04-18,2,Winter,Standard View Room,SV-13,Forest view,Balcony,French balcony or balcony,120,2,0,Phone,Debit card,Cancelled,0
CUST-00438,BOOK-00438,Ella Virtanen,Canada,2025-11-08,2026-02-12,2026-02-15,3,Winter,Sky Suite,SS-02,Forest view,French balcony,Igloo; bathtub; sauna; French balcony or balcony,298,2,2,Direct website,Debit card,Completed,894
CUST-00439,BOOK-00439,Alma Smith,Norway,2025-10-13,2026-02-25,2026-03-07,10,Winter,Deluxe Sky Suite,DS-03,Forest view,French balcony,Igloo; bathtub; sauna; French balcony or balcony,700,2,1,Phone,Credit card,Completed,7000
CUST-00440,BOOK-00440,Leo Novak,Estonia,2025-12-30,2026-05-17,2026-05-22,5,Shoulder,Superior Family Room,SF-05,Forest view,French balcony,French balcony or balcony,170,2,0,Travel agency,Online payment,No-show,0
CUST-00441,BOOK-00441,Emma Virtanen,Spain,2025-08-09,2026-01-02,2026-01-05,3,Winter,Deluxe Sky Suite,DS-01,Forest view,Balcony,Igloo; bathtub; sauna; French balcony or balcony,700,1,0,Booking.com,Credit card,Completed,2100
CUST-00442,BOOK-00442,Sara Karlsson,Norway,2026-03-30,2026-05-03,2026-05-13,10,Shoulder,Superior Family Room,SF-01,Slope view,French balcony,French balcony or balcony,170,3,0,Booking.com,Online payment,Completed,1700
CUST-00443,BOOK-00443,Liam Kowalski,Germany,2025-05-02,2025-10-19,2025-10-25,6,Shoulder,Standard Room,SR-27,Slope view,Balcony,French balcony or balcony,100,2,0,Phone,Debit card,No-show,0
CUST-00444,BOOK-00444,Oliver Petrov,Germany,2025-09-03,2026-02-04,2026-02-06,2,Winter,Standard View Room,SV-09,Slope view,French balcony,French balcony or balcony,120,3,1,Travel agency,Invoice,Completed,240
CUST-00445,BOOK-00445,Felix Bianchi,Belgium,2025-09-15,2025-09-30,2025-10-05,5,Shoulder,Superior Room,SU-11,Slope view,Balcony,French balcony or balcony,140,3,0,Booking.com,Invoice,Completed,700
CUST-00446,BOOK-00446,Nora Hansen,Austria,2025-08-21,2025-12-22,2025-12-26,4,Winter,Standard View Room,SV-16,Slope view,Balcony,French balcony or balcony,120,2,2,Direct website,Online payment,No-show,0
CUST-00447,BOOK-00447,Sofia Kowalski,Belgium,2025-09-26,2026-01-16,2026-01-19,3,Winter,Standard Room,SR-10,Forest view,Balcony,French balcony or balcony,100,2,0,Direct website,Online payment,Completed,300
CUST-00448,BOOK-00448,Laura Silva,France,2025-12-18,2026-05-02,2026-05-06,4,Shoulder,Standard View Room,SV-29,Slope view,Balcony,French balcony or balcony,120,3,3,Expedia,Credit card,Completed,480
CUST-00449,BOOK-00449,Elsa Mäkinen,United States,2026-02-09,2026-05-11,2026-05-12,1,Shoulder,Standard Room,SR-25,Forest view,French balcony,French balcony or balcony,100,3,0,Direct website,Credit card,Completed,100
CUST-00450,BOOK-00450,Eetu Rossi,Denmark,2026-03-21,2026-04-14,2026-04-16,2,Winter,Sky Suite,SS-01,Slope view,French balcony,Igloo; bathtub; sauna; French balcony or balcony,298,2,1,Phone,Debit card,Completed,596
CUST-00451,BOOK-00451,Alma Kowalski,Italy,2025-04-07,2025-07-27,2025-08-01,5,Summer,Standard Room,SR-22,Slope view,Balcony,French balcony or balcony,95,2,1,Expedia,Credit card,Completed,475
CUST-00452,BOOK-00452,Liam Johansson,Norway,2025-08-08,2025-12-13,2025-12-16,3,Winter,Deluxe Sky Suite,DS-01,Forest view,French balcony,Igloo; bathtub; sauna; French balcony or balcony,700,2,0,Travel agency,Credit card,Completed,2100
CUST-00453,BOOK-00453,Theo Rossi,Italy,2025-07-16,2025-08-13,2025-08-17,4,Summer,Standard View Room,SV-02,Forest view,French balcony,French balcony or balcony,120,1,0,Expedia,Invoice,Completed,480
CUST-00454,BOOK-00454,Ella Dubois,Austria,2025-04-01,2025-06-10,2025-06-17,7,Summer,Standard Room,SR-45,Forest view,French balcony,French balcony or balcony,95,3,2,Corporate,Credit card,Completed,665
CUST-00455,BOOK-00455,Amelia Schmidt,Norway,2025-10-02,2026-02-19,2026-02-24,5,Winter,Superior Family Room,SF-01,Slope view,French balcony,French balcony or balcony,170,1,2,Travel agency,Credit card,Cancelled,0
CUST-00456,BOOK-00456,Amelia Virtanen,Norway,2025-12-13,2026-03-18,2026-03-22,4,Winter,Deluxe Sky Suite,DS-02,Forest view,Balcony,Igloo; bathtub; sauna; French balcony or balcony,700,2,0,Expedia,Debit card,Completed,2800
CUST-00457,BOOK-00457,Daniel Rossi,Austria,2025-08-01,2025-08-30,2025-09-03,4,Summer,Deluxe Sky Suite,DS-03,Forest view,Balcony,Igloo; bathtub; sauna; French balcony or balcony,324,2,2,Travel agency,Debit card,Completed,1296
CUST-00458,BOOK-00458,Julia Hansen,Norway,2025-03-24,2025-08-11,2025-08-12,1,Summer,Standard Room,SR-10,Forest view,Balcony,French balcony or balcony,95,2,2,Travel agency,Credit card,Completed,95
CUST-00459,BOOK-00459,Amelia Mäkinen,France,2025-01-01,2025-06-19,2025-06-22,3,Summer,Standard Room,SR-37,Forest view,Balcony,French balcony or balcony,95,4,2,Corporate,Debit card,Completed,285
CUST-00460,BOOK-00460,Julia Martin,Finland,2025-11-22,2026-03-24,2026-03-27,3,Winter,Standard Room,SR-35,Forest view,French balcony,French balcony or balcony,100,2,1,Direct website,Debit card,Completed,300
CUST-00461,BOOK-00461,Alma Wilson,United Kingdom,2025-11-18,2026-04-20,2026-04-21,1,Winter,Standard Room,SR-23,Forest view,French balcony,French balcony or balcony,100,3,0,Travel agency,Debit card,Completed,100
CUST-00462,BOOK-00462,Anna Mäkinen,Germany,2025-04-10,2025-07-03,2025-07-09,6,Summer,Standard View Room,SV-27,Forest view,French balcony,French balcony or balcony,120,3,0,Expedia,Credit card,Cancelled,0
CUST-00463,BOOK-00463,Elina Heikkinen,United States,2025-05-29,2025-08-01,2025-08-04,3,Summer,Superior Family Room,SF-07,Slope view,French balcony,French balcony or balcony,170,2,1,Phone,Invoice,Completed,510
CUST-00464,BOOK-00464,Liam Kowalski,Norway,2025-03-05,2025-08-20,2025-08-21,1,Summer,Standard View Room,SV-05,Forest view,Balcony,French balcony or balcony,120,2,1,Travel agency,Debit card,Completed,120
CUST-00465,BOOK-00465,Matti Petrov,United Kingdom,2025-04-09,2025-09-14,2025-09-16,2,Shoulder,Standard Room,SR-03,Forest view,French balcony,French balcony or balcony,100,2,1,Corporate,Credit card,Cancelled,0
CUST-00466,BOOK-00466,Elina Lehtonen,France,2026-03-17,2026-04-18,2026-04-24,6,Winter,Standard Room,SR-07,Slope view,French balcony,French balcony or balcony,100,2,2,Corporate,Debit card,Completed,600
CUST-00467,BOOK-00467,Ava Mäkinen,Germany,2025-07-31,2026-01-24,2026-01-30,6,Winter,Superior Room,SU-16,Forest view,Balcony,French balcony or balcony,140,2,0,Direct website,Credit card,Completed,840
CUST-00468,BOOK-00468,Alma Virtanen,Denmark,2026-04-12,2026-04-27,2026-04-30,3,Winter,Standard Room,SR-47,Slope view,French balcony,French balcony or balcony,100,2,0,Corporate,Credit card,Completed,300
CUST-00469,BOOK-00469,Anna Andersen,France,2025-01-13,2025-07-07,2025-07-14,7,Summer,Superior Room,SU-13,Forest view,Balcony,French balcony or balcony,140,2,0,Booking.com,Credit card,No-show,0
CUST-00470,BOOK-00470,Emilia Karlsson,Canada,2025-09-15,2025-09-30,2025-10-05,5,Shoulder,Deluxe Room,DR-02,Slope view,Balcony,Bathtub and sauna; French balcony or balcony,200,2,2,Travel agency,Debit card,Completed,1000
CUST-00471,BOOK-00471,Oskari Järvinen,Estonia,2025-11-12,2025-12-16,2025-12-19,3,Winter,Standard View Room,SV-14,Slope view,French balcony,French balcony or balcony,120,3,0,Booking.com,Credit card,Completed,360
CUST-00472,BOOK-00472,Sara Wilson,United Kingdom,2025-08-13,2026-01-25,2026-01-29,4,Winter,Standard Room,SR-07,Slope view,French balcony,French balcony or balcony,100,2,0,Booking.com,Credit card,Completed,400
CUST-00473,BOOK-00473,Hugo Müller,United States,2025-10-16,2025-12-28,2026-01-03,6,Winter,Standard View Room,SV-13,Forest view,French balcony,French balcony or balcony,120,3,1,Booking.com,Debit card,No-show,0
CUST-00474,BOOK-00474,Noah Kowalski,Finland,2025-07-30,2025-11-15,2025-11-19,4,Winter,Standard Room,SR-17,Forest view,French balcony,French balcony or balcony,100,1,0,Corporate,Credit card,No-show,0
CUST-00475,BOOK-00475,Theo Karlsson,Netherlands,2025-12-12,2026-01-04,2026-01-08,4,Winter,Standard View Room,SV-26,Slope view,French balcony,French balcony or balcony,120,3,0,Booking.com,Debit card,Completed,480
CUST-00476,BOOK-00476,Hugo Dubois,Spain,2025-10-19,2025-12-01,2025-12-04,3,Winter,Superior Room,SU-06,Slope view,Balcony,French balcony or balcony,140,3,1,Direct website,Invoice,Completed,420
CUST-00477,BOOK-00477,Samuel Martin,United States,2025-08-13,2026-01-24,2026-01-30,6,Winter,Deluxe Room,DR-05,Forest view,French balcony,Bathtub and sauna; French balcony or balcony,200,3,0,Phone,Online payment,Completed,1200
CUST-00478,BOOK-00478,Oscar Miller,France,2025-09-03,2026-02-27,2026-02-28,1,Winter,Standard View Room,SV-24,Slope view,French balcony,French balcony or balcony,120,2,0,Direct website,Online payment,No-show,0
CUST-00479,BOOK-00479,Samuel Rantanen,United Kingdom,2025-01-11,2025-06-27,2025-06-29,2,Summer,Standard View Room,SV-33,Forest view,French balcony,French balcony or balcony,120,2,1,Booking.com,Online payment,Completed,240
CUST-00480,BOOK-00480,Lucas Silva,Netherlands,2025-07-09,2025-10-01,2025-10-05,4,Shoulder,Superior Room,SU-01,Slope view,Balcony,French balcony or balcony,140,4,0,Travel agency,Online payment,No-show,0
CUST-00481,BOOK-00481,Elsa Müller,Denmark,2025-02-26,2025-06-28,2025-06-30,2,Summer,Standard Room,SR-38,Slope view,Balcony,French balcony or balcony,95,2,0,Phone,Credit card,No-show,0
CUST-00482,BOOK-00482,Liam Salminen,Norway,2025-08-07,2025-09-05,2025-09-12,7,Shoulder,Standard View Room,SV-28,Slope view,French balcony,French balcony or balcony,120,2,1,Travel agency,Debit card,Cancelled,0
CUST-00483,BOOK-00483,Oscar Kowalski,Germany,2025-05-13,2025-09-13,2025-09-17,4,Shoulder,Superior Room,SU-01,Slope view,Balcony,French balcony or balcony,140,2,1,Direct website,Online payment,Cancelled,0
CUST-00484,BOOK-00484,Mikael Andersen,Estonia,2025-03-20,2025-09-05,2025-09-07,2,Shoulder,Deluxe Room,DR-01,Slope view,Balcony,Bathtub and sauna; French balcony or balcony,200,2,1,Corporate,Invoice,No-show,0
CUST-00485,BOOK-00485,Emma Santos,Italy,2025-11-22,2026-01-21,2026-01-24,3,Winter,Standard Room,SR-10,Forest view,Balcony,French balcony or balcony,100,2,0,Direct website,Debit card,Completed,300
CUST-00486,BOOK-00486,Oscar Salminen,United Kingdom,2025-10-13,2025-11-28,2025-12-01,3,Winter,Sky Suite,SS-02,Forest view,French balcony,Igloo; bathtub; sauna; French balcony or balcony,298,2,0,Expedia,Debit card,Completed,894
CUST-00487,BOOK-00487,Anna Rantanen,Germany,2025-10-07,2026-01-12,2026-01-15,3,Winter,Standard Room,SR-16,Slope view,Balcony,French balcony or balcony,100,2,0,Expedia,Credit card,Completed,300
CUST-00488,BOOK-00488,Anna Laine,Finland,2025-01-23,2025-06-13,2025-06-16,3,Summer,Standard View Room,SV-20,Slope view,Balcony,French balcony or balcony,120,3,0,Expedia,Debit card,Cancelled,0
CUST-00489,BOOK-00489,Hugo Novak,Sweden,2026-02-08,2026-03-17,2026-03-22,5,Winter,Sky Suite,SS-01,Slope view,French balcony,Igloo; bathtub; sauna; French balcony or balcony,298,2,0,Booking.com,Invoice,Completed,1490
CUST-00490,BOOK-00490,Laura Smith,Netherlands,2025-09-18,2025-11-30,2025-12-02,2,Winter,Standard Room,SR-17,Forest view,French balcony,French balcony or balcony,100,1,0,Travel agency,Credit card,Completed,200
CUST-00491,BOOK-00491,Adam Petrov,Sweden,2025-08-30,2026-02-18,2026-02-21,3,Winter,Standard View Room,SV-36,Forest view,Balcony,French balcony or balcony,120,2,1,Travel agency,Online payment,No-show,0
CUST-00492,BOOK-00492,Theo Schmidt,Norway,2025-10-19,2025-12-15,2025-12-18,3,Winter,Standard Room,SR-25,Forest view,Balcony,French balcony or balcony,100,3,0,Travel agency,Online payment,Completed,300
CUST-00493,BOOK-00493,Mila Müller,Norway,2025-07-16,2025-08-23,2025-08-29,6,Summer,Deluxe Sky Suite,DS-01,Forest view,French balcony,Igloo; bathtub; sauna; French balcony or balcony,324,2,3,Corporate,Online payment,Cancelled,0
CUST-00494,BOOK-00494,Aino Andersen,Italy,2025-03-18,2025-07-04,2025-07-11,7,Summer,Standard View Room,SV-20,Slope view,French balcony,French balcony or balcony,120,2,1,Booking.com,Debit card,Completed,840
CUST-00495,BOOK-00495,Daniel Müller,Spain,2025-04-29,2025-09-04,2025-09-10,6,Shoulder,Standard Room,SR-08,Forest view,Balcony,French balcony or balcony,100,2,1,Booking.com,Online payment,Completed,600
CUST-00496,BOOK-00496,Sara Andersen,United Kingdom,2025-06-27,2025-11-01,2025-11-11,10,Winter,Superior Family Room,SF-03,Forest view,French balcony,French balcony or balcony,170,1,1,Travel agency,Credit card,Completed,1700
CUST-00497,BOOK-00497,Linnea Martin,Canada,2025-10-06,2026-04-03,2026-04-08,5,Winter,Standard View Room,SV-35,Slope view,French balcony,French balcony or balcony,120,2,1,Direct website,Online payment,Cancelled,0
CUST-00498,BOOK-00498,Iida Heikkinen,Sweden,2025-06-13,2025-08-23,2025-08-27,4,Summer,Standard Room,SR-47,Slope view,Balcony,French balcony or balcony,95,2,2,Expedia,Credit card,Completed,380
CUST-00499,BOOK-00499,Ava Silva,United Kingdom,2025-10-01,2025-10-27,2025-10-30,3,Shoulder,Superior Room,SU-18,Slope view,French balcony,French balcony or balcony,140,2,2,Phone,Online payment,No-show,0
CUST-00500,BOOK-00500,Laura Rantanen,Germany,2025-10-12,2025-10-17,2025-10-22,5,Shoulder,Superior Room,SU-12,Slope view,French balcony,French balcony or balcony,140,2,0,Travel agency,Invoice,No-show,0
CUST-00501,BOOK-00501,Adam Lehtonen,France,2025-06-30,2025-11-22,2025-11-29,7,Winter,Standard Room,SR-39,Slope view,French balcony,French balcony or balcony,100,2,2,Direct website,Debit card,Completed,700
CUST-00502,BOOK-00502,Theo Novak,Estonia,2025-04-24,2025-06-09,2025-06-13,4,Summer,Standard Room,SR-25,Forest view,Balcony,French balcony or balcony,95,1,1,Booking.com,Debit card,Completed,380
CUST-00503,BOOK-00503,Mila Nieminen,Poland,2025-11-25,2026-05-22,2026-05-24,2,Shoulder,Standard Room,SR-11,Slope view,French balcony,French balcony or balcony,100,1,1,Travel agency,Credit card,Completed,200
CUST-00504,BOOK-00504,Leo Karlsson,Denmark,2025-07-05,2025-09-09,2025-09-11,2,Shoulder,Superior Family Room,SF-05,Forest view,French balcony,French balcony or balcony,170,1,1,Direct website,Credit card,No-show,0
CUST-00505,BOOK-00505,Elias Nieminen,Germany,2026-01-22,2026-04-05,2026-04-08,3,Winter,Deluxe Room,DR-03,Forest view,Balcony,Bathtub and sauna; French balcony or balcony,200,2,2,Phone,Debit card,Completed,600
CUST-00506,BOOK-00506,Elsa Järvinen,France,2025-12-02,2026-02-14,2026-02-18,4,Winter,Standard Room,SR-30,Slope view,French balcony,French balcony or balcony,100,4,0,Phone,Credit card,Completed,400
CUST-00507,BOOK-00507,Laura Heikkinen,United States,2025-03-28,2025-09-18,2025-09-25,7,Shoulder,Deluxe Room,DR-02,Slope view,French balcony,Bathtub and sauna; French balcony or balcony,200,2,0,Travel agency,Invoice,Completed,1400
CUST-00508,BOOK-00508,Eetu Johansson,Denmark,2025-05-06,2025-09-18,2025-09-22,4,Shoulder,Standard View Room,SV-40,Forest view,French balcony,French balcony or balcony,120,2,0,Expedia,Credit card,Completed,480
CUST-00509,BOOK-00509,Daniel Dubois,United States,2025-05-15,2025-07-13,2025-07-16,3,Summer,Standard Room,SR-36,Slope view,Balcony,French balcony or balcony,95,2,2,Booking.com,Credit card,Cancelled,0
CUST-00510,BOOK-00510,Sofia Hansen,United States,2025-09-17,2026-01-30,2026-02-06,7,Winter,Standard View Room,SV-40,Forest view,French balcony,French balcony or balcony,120,2,0,Phone,Credit card,Cancelled,0
CUST-00511,BOOK-00511,Amelia Mäkinen,Netherlands,2025-05-08,2025-08-26,2025-08-28,2,Summer,Deluxe Sky Suite,DS-01,Forest view,Balcony,Igloo; bathtub; sauna; French balcony or balcony,324,2,1,Corporate,Online payment,Completed,648
CUST-00512,BOOK-00512,Amelia Karlsson,Italy,2026-03-18,2026-04-26,2026-05-03,7,Winter,Standard View Room,SV-33,Forest view,Balcony,French balcony or balcony,120,2,0,Travel agency,Debit card,No-show,0
CUST-00513,BOOK-00513,Emilia Karlsson,Finland,2026-03-02,2026-04-18,2026-04-25,7,Winter,Standard Room,SR-42,Forest view,Balcony,French balcony or balcony,100,2,0,Expedia,Credit card,Completed,700
CUST-00514,BOOK-00514,Ava Salminen,Canada,2025-03-05,2025-07-10,2025-07-15,5,Summer,Standard View Room,SV-08,Forest view,Balcony,French balcony or balcony,120,2,1,Corporate,Credit card,Cancelled,0
CUST-00515,BOOK-00515,Theo Koskinen,Austria,2025-02-22,2025-06-17,2025-06-27,10,Summer,Deluxe Room,DR-03,Forest view,Balcony,Bathtub and sauna; French balcony or balcony,200,1,0,Phone,Online payment,Cancelled,0
CUST-00516,BOOK-00516,Julia Silva,Denmark,2025-03-30,2025-08-24,2025-08-28,4,Summer,Standard Room,SR-09,Forest view,Balcony,French balcony or balcony,95,3,1,Corporate,Invoice,Cancelled,0
CUST-00517,BOOK-00517,Linnea Karlsson,Austria,2025-08-24,2026-01-30,2026-02-03,4,Winter,Standard Room,SR-17,Forest view,Balcony,French balcony or balcony,100,3,0,Direct website,Credit card,Cancelled,0
CUST-00518,BOOK-00518,Elias Silva,Estonia,2025-12-21,2026-03-30,2026-03-31,1,Winter,Superior Family Room,SF-07,Slope view,French balcony,French balcony or balcony,170,2,3,Travel agency,Online payment,No-show,0
CUST-00519,BOOK-00519,Laura Nieminen,Norway,2025-04-10,2025-06-29,2025-07-04,5,Summer,Standard Room,SR-10,Forest view,French balcony,French balcony or balcony,95,2,0,Expedia,Credit card,Completed,475
CUST-00520,BOOK-00520,Oskari Korhonen,Canada,2025-08-23,2026-01-22,2026-01-27,5,Winter,Standard View Room,SV-15,Forest view,French balcony,French balcony or balcony,120,4,0,Travel agency,Online payment,Cancelled,0
CUST-00521,BOOK-00521,Mikael Karlsson,Estonia,2026-02-05,2026-03-21,2026-03-23,2,Winter,Standard View Room,SV-22,Slope view,Balcony,French balcony or balcony,120,2,0,Travel agency,Credit card,Completed,240
CUST-00522,BOOK-00522,Amelia Santos,Netherlands,2025-09-22,2026-03-02,2026-03-05,3,Winter,Standard Room,SR-16,Slope view,French balcony,French balcony or balcony,100,3,0,Corporate,Online payment,No-show,0
CUST-00523,BOOK-00523,Lucas Rantanen,Norway,2025-05-03,2025-10-18,2025-10-20,2,Shoulder,Superior Family Room,SF-03,Forest view,Balcony,French balcony or balcony,170,2,0,Phone,Online payment,Cancelled,0
CUST-00524,BOOK-00524,Elina Heikkinen,Finland,2025-04-02,2025-09-11,2025-09-14,3,Shoulder,Standard Room,SR-01,Slope view,French balcony,French balcony or balcony,100,2,0,Phone,Invoice,Cancelled,0
CUST-00525,BOOK-00525,Felix Bianchi,Sweden,2025-06-03,2025-10-16,2025-10-23,7,Shoulder,Standard View Room,SV-05,Forest view,French balcony,French balcony or balcony,120,2,0,Booking.com,Online payment,Cancelled,0
CUST-00526,BOOK-00526,Lucas Schmidt,Poland,2025-10-31,2026-01-09,2026-01-12,3,Winter,Deluxe Room,DR-01,Slope view,Balcony,Bathtub and sauna; French balcony or balcony,200,3,0,Corporate,Debit card,Completed,600
CUST-00527,BOOK-00527,Daniel Johansson,Canada,2025-08-02,2025-12-25,2025-12-28,3,Winter,Standard Room,SR-44,Forest view,Balcony,French balcony or balcony,100,2,2,Booking.com,Debit card,Completed,300
CUST-00528,BOOK-00528,Elina Heikkinen,Sweden,2025-06-14,2025-10-18,2025-10-20,2,Shoulder,Standard Room,SR-11,Slope view,French balcony,French balcony or balcony,100,1,2,Expedia,Online payment,Completed,200
CUST-00529,BOOK-00529,Amelia Petrov,Germany,2025-05-02,2025-07-03,2025-07-10,7,Summer,Standard View Room,SV-17,Slope view,French balcony,French balcony or balcony,120,2,0,Direct website,Online payment,Completed,840
CUST-00530,BOOK-00530,Mikael Müller,Austria,2025-12-10,2026-02-10,2026-02-17,7,Winter,Standard Room,SR-28,Slope view,Balcony,French balcony or balcony,100,2,0,Booking.com,Online payment,Completed,700
CUST-00531,BOOK-00531,Oscar Rantanen,Denmark,2025-10-21,2026-01-12,2026-01-15,3,Winter,Deluxe Room,DR-04,Forest view,Balcony,Bathtub and sauna; French balcony or balcony,200,2,0,Expedia,Debit card,Cancelled,0
CUST-00532,BOOK-00532,Ella Müller,Sweden,2025-06-08,2025-12-03,2025-12-07,4,Winter,Standard View Room,SV-35,Slope view,French balcony,French balcony or balcony,120,2,0,Phone,Online payment,Completed,480
CUST-00533,BOOK-00533,Olivia Korhonen,Austria,2026-03-11,2026-05-17,2026-05-19,2,Shoulder,Deluxe Room,DR-05,Forest view,Balcony,Bathtub and sauna; French balcony or balcony,200,2,1,Booking.com,Online payment,Cancelled,0
CUST-00534,BOOK-00534,Alexander Santos,Sweden,2025-07-06,2025-09-16,2025-09-22,6,Shoulder,Standard Room,SR-20,Forest view,French balcony,French balcony or balcony,100,3,2,Travel agency,Invoice,Completed,600
CUST-00535,BOOK-00535,Emma Rossi,Italy,2025-07-10,2025-11-18,2025-11-23,5,Winter,Deluxe Room,DR-04,Forest view,French balcony,Bathtub and sauna; French balcony or balcony,200,2,1,Corporate,Online payment,Completed,1000
CUST-00536,BOOK-00536,Theo Santos,Germany,2026-01-17,2026-01-19,2026-01-24,5,Winter,Superior Family Room,SF-07,Slope view,Balcony,French balcony or balcony,170,2,0,Corporate,Credit card,Completed,850
CUST-00537,BOOK-00537,Alexander Santos,Estonia,2025-04-01,2025-07-27,2025-07-29,2,Summer,Standard View Room,SV-12,Slope view,Balcony,French balcony or balcony,120,3,0,Booking.com,Online payment,Completed,240
CUST-00538,BOOK-00538,Olivia Petrov,Netherlands,2025-10-16,2025-10-23,2025-10-25,2,Shoulder,Standard View Room,SV-35,Slope view,French balcony,French balcony or balcony,120,4,1,Phone,Debit card,Cancelled,0
CUST-00539,BOOK-00539,Leo Hansen,Poland,2025-02-11,2025-07-16,2025-07-26,10,Summer,Standard Room,SR-17,Forest view,Balcony,French balcony or balcony,95,2,2,Booking.com,Credit card,Completed,950
CUST-00540,BOOK-00540,Julia Mäkinen,Netherlands,2025-04-15,2025-06-08,2025-06-13,5,Summer,Standard View Room,SV-34,Forest view,French balcony,French balcony or balcony,120,4,1,Expedia,Online payment,Cancelled,0
CUST-00541,BOOK-00541,Lucas Müller,Spain,2025-08-18,2026-02-09,2026-02-12,3,Winter,Standard View Room,SV-24,Slope view,French balcony,French balcony or balcony,120,2,0,Booking.com,Credit card,No-show,0
CUST-00542,BOOK-00542,Samuel Miller,United States,2025-10-04,2025-10-27,2025-11-06,10,Shoulder,Standard Room,SR-23,Forest view,French balcony,French balcony or balcony,100,2,2,Phone,Invoice,Completed,1000
CUST-00543,BOOK-00543,Linnea Nieminen,Denmark,2025-12-25,2026-05-18,2026-05-21,3,Shoulder,Standard View Room,SV-36,Forest view,French balcony,French balcony or balcony,120,1,2,Travel agency,Online payment,No-show,0
CUST-00544,BOOK-00544,Aino Saarinen,Austria,2026-01-18,2026-04-07,2026-04-14,7,Winter,Deluxe Sky Suite,DS-03,Forest view,Balcony,Igloo; bathtub; sauna; French balcony or balcony,700,3,0,Corporate,Credit card,Completed,4900
CUST-00545,BOOK-00545,Alma Laine,Norway,2026-01-01,2026-03-25,2026-03-27,2,Winter,Standard Room,SR-29,Forest view,Balcony,French balcony or balcony,100,2,0,Direct website,Debit card,Completed,200
CUST-00546,BOOK-00546,Isla Salminen,Italy,2025-09-06,2026-02-11,2026-02-18,7,Winter,Superior Family Room,SF-06,Slope view,Balcony,French balcony or balcony,170,2,0,Booking.com,Online payment,Completed,1190
CUST-00547,BOOK-00547,Leo Järvinen,Germany,2026-01-23,2026-02-07,2026-02-12,5,Winter,Standard Room,SR-09,Forest view,French balcony,French balcony or balcony,100,2,0,Booking.com,Invoice,Cancelled,0
CUST-00548,BOOK-00548,Theo Rantanen,Canada,2025-09-13,2026-01-10,2026-01-12,2,Winter,Deluxe Room,DR-05,Forest view,Balcony,Bathtub and sauna; French balcony or balcony,200,2,1,Booking.com,Credit card,Completed,400
CUST-00549,BOOK-00549,Adam Müller,Italy,2025-07-03,2025-11-26,2025-11-28,2,Winter,Deluxe Room,DR-05,Forest view,French balcony,Bathtub and sauna; French balcony or balcony,200,2,3,Corporate,Debit card,Completed,400
CUST-00550,BOOK-00550,Mikael Korhonen,Spain,2025-07-08,2025-12-31,2026-01-07,7,Winter,Standard Room,SR-44,Forest view,French balcony,French balcony or balcony,100,2,0,Direct website,Online payment,Completed,700
CUST-00551,BOOK-00551,Alma Martin,Italy,2025-03-17,2025-08-18,2025-08-19,1,Summer,Standard View Room,SV-09,Slope view,French balcony,French balcony or balcony,120,2,0,Corporate,Invoice,Cancelled,0
CUST-00552,BOOK-00552,Mila Järvinen,Sweden,2025-06-01,2025-11-14,2025-11-21,7,Winter,Deluxe Sky Suite,DS-02,Forest view,Balcony,Igloo; bathtub; sauna; French balcony or balcony,700,2,0,Direct website,Invoice,No-show,0
CUST-00553,BOOK-00553,Oliver Korhonen,France,2025-06-05,2025-07-18,2025-07-21,3,Summer,Standard Room,SR-20,Forest view,Balcony,French balcony or balcony,95,3,0,Phone,Debit card,Cancelled,0
CUST-00554,BOOK-00554,Mila Rantanen,Denmark,2025-04-27,2025-08-01,2025-08-04,3,Summer,Superior Family Room,SF-04,Forest view,French balcony,French balcony or balcony,170,2,2,Travel agency,Online payment,Completed,510
CUST-00555,BOOK-00555,Liam Andersen,Poland,2026-02-19,2026-03-16,2026-03-20,4,Winter,Standard Room,SR-13,Forest view,French balcony,French balcony or balcony,100,2,3,Phone,Debit card,Completed,400
CUST-00556,BOOK-00556,Elsa Nieminen,Spain,2025-12-28,2026-04-28,2026-05-03,5,Winter,Standard Room,SR-25,Forest view,Balcony,French balcony or balcony,100,1,1,Expedia,Debit card,No-show,0
CUST-00557,BOOK-00557,Isla Salminen,Sweden,2025-03-15,2025-08-05,2025-08-10,5,Summer,Standard Room,SR-44,Forest view,French balcony,French balcony or balcony,95,4,0,Corporate,Invoice,No-show,0
CUST-00558,BOOK-00558,Iida Saarinen,Norway,2025-08-21,2025-12-29,2025-12-31,2,Winter,Superior Room,SU-15,Forest view,French balcony,French balcony or balcony,140,2,1,Booking.com,Debit card,Completed,280
CUST-00559,BOOK-00559,Anna Miller,United States,2025-06-29,2025-12-19,2025-12-20,1,Winter,Standard View Room,SV-24,Slope view,Balcony,French balcony or balcony,120,2,0,Booking.com,Debit card,Completed,120
CUST-00560,BOOK-00560,Isla Brown,Finland,2025-08-31,2025-09-03,2025-09-05,2,Shoulder,Deluxe Sky Suite,DS-02,Forest view,Balcony,Igloo; bathtub; sauna; French balcony or balcony,500,2,0,Travel agency,Invoice,Completed,1000
CUST-00561,BOOK-00561,Julia Salminen,Belgium,2025-11-24,2026-05-21,2026-05-24,3,Shoulder,Superior Room,SU-19,Slope view,Balcony,French balcony or balcony,140,3,0,Booking.com,Credit card,No-show,0
CUST-00562,BOOK-00562,Lucas Karlsson,Germany,2025-03-22,2025-09-06,2025-09-08,2,Shoulder,Standard Room,SR-21,Slope view,French balcony,French balcony or balcony,100,2,1,Corporate,Debit card,Completed,200
CUST-00563,BOOK-00563,Elias Mäkinen,United Kingdom,2025-06-04,2025-07-15,2025-07-18,3,Summer,Standard View Room,SV-12,Slope view,Balcony,French balcony or balcony,120,4,0,Travel agency,Debit card,Cancelled,0
CUST-00564,BOOK-00564,Mikael Korhonen,Denmark,2025-04-02,2025-09-12,2025-09-15,3,Shoulder,Superior Family Room,SF-01,Slope view,Balcony,French balcony or balcony,170,4,1,Phone,Online payment,Completed,510
CUST-00565,BOOK-00565,Julia Lehtonen,Sweden,2025-02-02,2025-06-19,2025-06-23,4,Summer,Standard View Room,SV-27,Forest view,French balcony,French balcony or balcony,120,2,0,Direct website,Online payment,No-show,0
CUST-00566,BOOK-00566,Iida Johansson,Poland,2026-04-21,2026-04-28,2026-05-01,3,Winter,Standard View Room,SV-16,Slope view,French balcony,French balcony or balcony,120,2,0,Expedia,Invoice,No-show,0
CUST-00567,BOOK-00567,Alma Laine,Spain,2025-06-18,2025-09-27,2025-10-01,4,Shoulder,Standard View Room,SV-29,Slope view,Balcony,French balcony or balcony,120,3,1,Phone,Online payment,Completed,480
CUST-00568,BOOK-00568,Sara Rossi,Norway,2025-08-09,2026-01-28,2026-02-03,6,Winter,Deluxe Room,DR-01,Slope view,Balcony,Bathtub and sauna; French balcony or balcony,200,2,0,Corporate,Invoice,Completed,1200
CUST-00569,BOOK-00569,Matti Järvinen,Sweden,2025-07-16,2025-07-22,2025-07-28,6,Summer,Sky Suite,SS-01,Slope view,Balcony,Igloo; bathtub; sauna; French balcony or balcony,298,4,0,Booking.com,Debit card,Completed,1788
CUST-00570,BOOK-00570,Nora Mäkinen,Netherlands,2025-10-10,2026-02-13,2026-02-14,1,Winter,Standard Room,SR-42,Forest view,Balcony,French balcony or balcony,100,4,1,Direct website,Online payment,Completed,100
CUST-00571,BOOK-00571,Leo Kowalski,United States,2025-04-20,2025-08-17,2025-08-23,6,Summer,Deluxe Room,DR-02,Slope view,French balcony,Bathtub and sauna; French balcony or balcony,200,4,1,Corporate,Credit card,Completed,1200
CUST-00572,BOOK-00572,Lucas Kowalski,Belgium,2026-02-01,2026-03-15,2026-03-16,1,Winter,Standard Room,SR-33,Forest view,Balcony,French balcony or balcony,100,3,1,Travel agency,Credit card,Completed,100
CUST-00573,BOOK-00573,Ava Johansson,Poland,2025-08-15,2025-08-18,2025-08-23,5,Summer,Standard Room,SR-32,Slope view,French balcony,French balcony or balcony,95,3,0,Expedia,Debit card,Completed,475
CUST-00574,BOOK-00574,Matti Laine,Poland,2025-05-15,2025-07-14,2025-07-17,3,Summer,Superior Room,SU-15,Forest view,French balcony,French balcony or balcony,140,3,0,Travel agency,Invoice,Completed,420
CUST-00575,BOOK-00575,Noah Silva,Finland,2025-10-09,2026-02-20,2026-02-26,6,Winter,Standard View Room,SV-26,Slope view,French balcony,French balcony or balcony,120,2,0,Booking.com,Invoice,Cancelled,0
CUST-00576,BOOK-00576,Felix Virtanen,Spain,2025-03-15,2025-07-02,2025-07-05,3,Summer,Standard Room,SR-29,Forest view,Balcony,French balcony or balcony,95,4,1,Expedia,Online payment,Completed,285
CUST-00577,BOOK-00577,Noah Rossi,Austria,2025-07-31,2025-11-24,2025-11-25,1,Winter,Standard Room,SR-45,Forest view,French balcony,French balcony or balcony,100,4,1,Corporate,Invoice,No-show,0
CUST-00578,BOOK-00578,Ava Novak,Spain,2026-05-01,2026-05-24,2026-05-27,3,Shoulder,Superior Family Room,SF-10,Forest view,French balcony,French balcony or balcony,170,2,0,Phone,Debit card,Cancelled,0
CUST-00579,BOOK-00579,Elina Salminen,Estonia,2025-09-11,2026-02-22,2026-03-04,10,Winter,Standard Room,SR-38,Slope view,French balcony,French balcony or balcony,100,1,2,Corporate,Online payment,No-show,0
CUST-00580,BOOK-00580,Eetu Bianchi,Sweden,2025-06-27,2025-10-02,2025-10-08,6,Shoulder,Standard Room,SR-21,Slope view,Balcony,French balcony or balcony,100,2,0,Direct website,Credit card,No-show,0
CUST-00581,BOOK-00581,Matti Santos,Netherlands,2025-10-17,2026-01-16,2026-01-19,3,Winter,Superior Room,SU-01,Slope view,Balcony,French balcony or balcony,140,2,1,Phone,Debit card,Completed,420
CUST-00582,BOOK-00582,Laura Järvinen,Belgium,2025-08-15,2025-12-11,2025-12-15,4,Winter,Standard Room,SR-30,Slope view,French balcony,French balcony or balcony,100,2,0,Travel agency,Credit card,No-show,0
CUST-00583,BOOK-00583,Theo Nieminen,Belgium,2025-01-24,2025-07-18,2025-07-20,2,Summer,Deluxe Room,DR-02,Slope view,Balcony,Bathtub and sauna; French balcony or balcony,200,2,0,Travel agency,Online payment,Completed,400
CUST-00584,BOOK-00584,Alexander Müller,United Kingdom,2026-02-17,2026-03-27,2026-03-31,4,Winter,Standard View Room,SV-02,Forest view,French balcony,French balcony or balcony,120,2,0,Phone,Credit card,Cancelled,0
CUST-00585,BOOK-00585,Elina Rantanen,Denmark,2025-12-17,2026-05-22,2026-05-25,3,Shoulder,Standard View Room,SV-15,Forest view,Balcony,French balcony or balcony,120,2,0,Expedia,Credit card,Completed,360
CUST-00586,BOOK-00586,Sara Karlsson,Finland,2026-01-16,2026-02-23,2026-02-25,2,Winter,Standard View Room,SV-13,Forest view,French balcony,French balcony or balcony,120,3,0,Expedia,Online payment,Completed,240
CUST-00587,BOOK-00587,Elina Rantanen,Norway,2025-09-06,2025-09-19,2025-09-21,2,Shoulder,Superior Room,SU-13,Forest view,Balcony,French balcony or balcony,140,2,0,Travel agency,Online payment,Completed,280
CUST-00588,BOOK-00588,Mila Smith,United States,2025-08-16,2025-12-11,2025-12-15,4,Winter,Superior Room,SU-18,Slope view,Balcony,French balcony or balcony,140,2,1,Direct website,Invoice,Completed,560
CUST-00589,BOOK-00589,Theo Bianchi,Italy,2025-07-02,2025-12-16,2025-12-19,3,Winter,Standard View Room,SV-20,Slope view,French balcony,French balcony or balcony,120,3,1,Corporate,Online payment,Completed,360
CUST-00590,BOOK-00590,Oscar Miller,Sweden,2025-10-19,2026-03-15,2026-03-20,5,Winter,Superior Room,SU-07,Forest view,French balcony,French balcony or balcony,140,3,0,Direct website,Credit card,Completed,700
CUST-00591,BOOK-00591,Lucas Lehtonen,United States,2026-04-11,2026-05-04,2026-05-11,7,Shoulder,Standard Room,SR-41,Slope view,Balcony,French balcony or balcony,100,2,0,Direct website,Online payment,Completed,700
CUST-00592,BOOK-00592,Olivia Saarinen,Norway,2025-12-10,2026-01-10,2026-01-12,2,Winter,Standard Room,SR-41,Slope view,French balcony,French balcony or balcony,100,2,0,Booking.com,Online payment,Completed,200
CUST-00593,BOOK-00593,Leo Wilson,Estonia,2025-05-29,2025-07-16,2025-07-18,2,Summer,Sky Suite,SS-02,Forest view,French balcony,Igloo; bathtub; sauna; French balcony or balcony,298,3,0,Direct website,Online payment,Completed,596
CUST-00594,BOOK-00594,Leo Järvinen,Netherlands,2025-03-11,2025-08-12,2025-08-15,3,Summer,Standard Room,SR-15,Slope view,French balcony,French balcony or balcony,95,2,1,Travel agency,Credit card,Completed,285
CUST-00595,BOOK-00595,Hugo Korhonen,Poland,2025-05-05,2025-10-16,2025-10-18,2,Shoulder,Standard View Room,SV-01,Forest view,French balcony,French balcony or balcony,120,4,0,Corporate,Credit card,Completed,240
CUST-00596,BOOK-00596,Felix Andersen,United States,2025-09-12,2025-10-05,2025-10-10,5,Shoulder,Superior Room,SU-03,Forest view,French balcony,French balcony or balcony,140,3,0,Corporate,Debit card,Completed,700
CUST-00597,BOOK-00597,Theo Virtanen,Finland,2025-06-06,2025-10-04,2025-10-08,4,Shoulder,Standard View Room,SV-17,Slope view,Balcony,French balcony or balcony,120,3,0,Direct website,Invoice,No-show,0
CUST-00598,BOOK-00598,Lucas Miller,Spain,2025-10-05,2025-10-18,2025-10-22,4,Shoulder,Superior Family Room,SF-07,Slope view,French balcony,French balcony or balcony,170,3,0,Expedia,Credit card,Completed,680
CUST-00599,BOOK-00599,Oskari Novak,Poland,2025-10-26,2025-12-20,2025-12-25,5,Winter,Superior Family Room,SF-08,Forest view,Balcony,French balcony or balcony,170,4,2,Phone,Online payment,No-show,0
CUST-00600,BOOK-00600,Lucas Johansson,Estonia,2026-01-12,2026-01-18,2026-01-21,3,Winter,Superior Room,SU-03,Forest view,French balcony,French balcony or balcony,140,3,0,Travel agency,Credit card,Completed,420
CUST-00601,BOOK-00601,Amelia Brown,Norway,2024-12-19,2025-06-05,2025-06-10,5,Summer,Standard View Room,SV-27,Forest view,French balcony,French balcony or balcony,120,2,2,Phone,Invoice,Cancelled,0
CUST-00602,BOOK-00602,Iida Hansen,United Kingdom,2025-11-12,2026-05-11,2026-05-13,2,Shoulder,Deluxe Sky Suite,DS-02,Forest view,French balcony,Igloo; bathtub; sauna; French balcony or balcony,500,2,0,Booking.com,Invoice,No-show,0
CUST-00603,BOOK-00603,Ava Nieminen,Spain,2025-04-08,2025-06-05,2025-06-08,3,Summer,Standard Room,SR-11,Slope view,French balcony,French balcony or balcony,95,4,2,Direct website,Online payment,Completed,285
CUST-00604,BOOK-00604,Ava Müller,Austria,2026-01-09,2026-02-08,2026-02-15,7,Winter,Superior Room,SU-06,Slope view,Balcony,French balcony or balcony,140,2,0,Corporate,Debit card,Completed,980
CUST-00605,BOOK-00605,Liam Nieminen,Germany,2026-04-16,2026-05-04,2026-05-09,5,Shoulder,Superior Room,SU-01,Slope view,French balcony,French balcony or balcony,140,2,0,Booking.com,Online payment,No-show,0
CUST-00606,BOOK-00606,Linnea Dubois,United States,2025-09-05,2025-09-07,2025-09-13,6,Shoulder,Standard Room,SR-28,Slope view,Balcony,French balcony or balcony,100,3,2,Direct website,Online payment,No-show,0
CUST-00607,BOOK-00607,Alma Karlsson,Belgium,2025-08-27,2026-01-08,2026-01-14,6,Winter,Standard View Room,SV-35,Slope view,French balcony,French balcony or balcony,120,4,0,Expedia,Invoice,No-show,0
CUST-00608,BOOK-00608,Oliver Novak,Finland,2025-12-31,2026-02-28,2026-03-04,4,Winter,Standard Room,SR-07,Slope view,Balcony,French balcony or balcony,100,4,2,Booking.com,Debit card,Completed,400
CUST-00609,BOOK-00609,Hugo Andersen,Finland,2025-06-16,2025-11-16,2025-11-19,3,Winter,Superior Room,SU-01,Slope view,Balcony,French balcony or balcony,140,3,0,Travel agency,Debit card,Completed,420
CUST-00610,BOOK-00610,Emilia Silva,United States,2025-10-27,2025-11-22,2025-11-28,6,Winter,Superior Family Room,SF-10,Forest view,Balcony,French balcony or balcony,170,2,0,Direct website,Credit card,Completed,1020
CUST-00611,BOOK-00611,Leo Kowalski,United States,2025-11-25,2025-12-11,2025-12-14,3,Winter,Deluxe Room,DR-04,Forest view,Balcony,Bathtub and sauna; French balcony or balcony,200,2,0,Direct website,Credit card,Completed,600
CUST-00612,BOOK-00612,Alexander Lehtonen,Finland,2025-11-16,2026-03-14,2026-03-16,2,Winter,Deluxe Room,DR-04,Forest view,Balcony,Bathtub and sauna; French balcony or balcony,200,2,0,Corporate,Credit card,Completed,400
CUST-00613,BOOK-00613,Elsa Koskinen,France,2025-10-23,2025-11-21,2025-11-26,5,Winter,Superior Room,SU-17,Slope view,French balcony,French balcony or balcony,140,1,1,Corporate,Debit card,Cancelled,0
CUST-00614,BOOK-00614,Hugo Bianchi,United States,2026-01-31,2026-03-21,2026-03-23,2,Winter,Standard View Room,SV-36,Forest view,French balcony,French balcony or balcony,120,2,0,Booking.com,Online payment,Cancelled,0
CUST-00615,BOOK-00615,Daniel Miller,Germany,2026-02-16,2026-03-27,2026-03-31,4,Winter,Sky Suite,SS-01,Slope view,Balcony,Igloo; bathtub; sauna; French balcony or balcony,298,2,0,Expedia,Credit card,Completed,1192
CUST-00616,BOOK-00616,Adam Müller,Sweden,2025-11-03,2026-02-21,2026-02-25,4,Winter,Superior Room,SU-11,Slope view,Balcony,French balcony or balcony,140,2,0,Booking.com,Credit card,Completed,560
CUST-00617,BOOK-00617,Mikael Schmidt,Estonia,2025-06-16,2025-11-22,2025-11-24,2,Winter,Standard View Room,SV-16,Slope view,Balcony,French balcony or balcony,120,2,0,Travel agency,Credit card,Cancelled,0
CUST-00618,BOOK-00618,Alma Wilson,France,2025-12-08,2026-02-09,2026-02-12,3,Winter,Standard Room,SR-37,Forest view,Balcony,French balcony or balcony,100,3,2,Expedia,Invoice,Completed,300
CUST-00619,BOOK-00619,Aino Nieminen,Belgium,2025-09-05,2025-09-14,2025-09-17,3,Shoulder,Superior Family Room,SF-04,Forest view,French balcony,French balcony or balcony,170,2,0,Phone,Online payment,Completed,510
CUST-00620,BOOK-00620,Nora Novak,Italy,2025-05-08,2025-06-23,2025-07-03,10,Summer,Standard Room,SR-43,Forest view,Balcony,French balcony or balcony,95,3,0,Booking.com,Credit card,Completed,950
CUST-00621,BOOK-00621,Olivia Martin,Denmark,2025-06-03,2025-08-30,2025-09-05,6,Summer,Sky Suite,SS-01,Slope view,French balcony,Igloo; bathtub; sauna; French balcony or balcony,298,2,0,Expedia,Debit card,Completed,1788
CUST-00622,BOOK-00622,Emilia Mäkinen,Germany,2026-01-21,2026-02-25,2026-03-07,10,Winter,Deluxe Sky Suite,DS-02,Forest view,French balcony,Igloo; bathtub; sauna; French balcony or balcony,700,2,0,Expedia,Online payment,Cancelled,0
CUST-00623,BOOK-00623,Laura Järvinen,Spain,2026-02-22,2026-04-03,2026-04-07,4,Winter,Superior Room,SU-03,Forest view,Balcony,French balcony or balcony,140,2,1,Expedia,Debit card,Completed,560
CUST-00624,BOOK-00624,Hugo Santos,Norway,2026-01-03,2026-02-16,2026-02-26,10,Winter,Deluxe Room,DR-01,Slope view,Balcony,Bathtub and sauna; French balcony or balcony,200,3,1,Corporate,Online payment,Completed,2000
CUST-00625,BOOK-00625,Elsa Rossi,Canada,2025-10-06,2026-02-11,2026-02-15,4,Winter,Standard Room,SR-31,Forest view,Balcony,French balcony or balcony,100,2,0,Corporate,Credit card,Completed,400
CUST-00626,BOOK-00626,Amelia Järvinen,Spain,2025-05-28,2025-09-15,2025-09-18,3,Shoulder,Standard Room,SR-25,Forest view,Balcony,French balcony or balcony,100,2,2,Expedia,Online payment,Completed,300
CUST-00627,BOOK-00627,Elsa Rantanen,Netherlands,2025-10-09,2026-03-09,2026-03-11,2,Winter,Superior Family Room,SF-09,Slope view,French balcony,French balcony or balcony,170,2,1,Travel agency,Invoice,Cancelled,0
CUST-00628,BOOK-00628,Oskari Hansen,Finland,2025-12-10,2026-01-26,2026-01-30,4,Winter,Standard View Room,SV-16,Slope view,Balcony,French balcony or balcony,120,2,1,Expedia,Credit card,Completed,480
CUST-00629,BOOK-00629,Oskari Kowalski,Netherlands,2025-10-02,2025-10-29,2025-11-04,6,Shoulder,Standard View Room,SV-37,Forest view,French balcony,French balcony or balcony,120,1,0,Booking.com,Online payment,Completed,720
CUST-00630,BOOK-00630,Ava Rossi,Germany,2025-04-21,2025-09-09,2025-09-14,5,Shoulder,Standard Room,SR-16,Slope view,Balcony,French balcony or balcony,100,1,0,Expedia,Invoice,Completed,500
CUST-00631,BOOK-00631,Adam Silva,Germany,2025-09-13,2025-12-25,2025-12-31,6,Winter,Superior Family Room,SF-01,Slope view,French balcony,French balcony or balcony,170,2,1,Travel agency,Debit card,Cancelled,0
CUST-00632,BOOK-00632,Mikael Santos,Norway,2025-11-30,2026-02-20,2026-02-24,4,Winter,Standard View Room,SV-15,Forest view,French balcony,French balcony or balcony,120,2,2,Travel agency,Debit card,Cancelled,0
CUST-00633,BOOK-00633,Felix Schmidt,Germany,2025-10-23,2026-01-11,2026-01-15,4,Winter,Standard View Room,SV-19,Slope view,French balcony,French balcony or balcony,120,2,1,Expedia,Online payment,Completed,480
CUST-00634,BOOK-00634,Daniel Koskinen,Finland,2025-04-30,2025-09-24,2025-09-27,3,Shoulder,Superior Room,SU-06,Slope view,French balcony,French balcony or balcony,140,4,0,Expedia,Invoice,No-show,0
CUST-00635,BOOK-00635,Ava Karlsson,Denmark,2025-09-18,2025-12-13,2025-12-16,3,Winter,Standard View Room,SV-33,Forest view,Balcony,French balcony or balcony,120,3,0,Booking.com,Credit card,Cancelled,0
CUST-00636,BOOK-00636,Julia Korhonen,United Kingdom,2026-03-21,2026-05-12,2026-05-16,4,Shoulder,Standard Room,SR-14,Slope view,French balcony,French balcony or balcony,100,4,0,Booking.com,Debit card,No-show,0
CUST-00637,BOOK-00637,Elsa Korhonen,United Kingdom,2025-08-04,2025-10-28,2025-11-02,5,Shoulder,Standard Room,SR-01,Slope view,Balcony,French balcony or balcony,100,2,3,Booking.com,Invoice,Completed,500
CUST-00638,BOOK-00638,Mila Schmidt,France,2025-11-11,2026-01-31,2026-02-05,5,Winter,Standard View Room,SV-07,Slope view,Balcony,French balcony or balcony,120,3,1,Booking.com,Online payment,Completed,600
CUST-00639,BOOK-00639,Ava Korhonen,Germany,2025-12-02,2026-03-28,2026-03-31,3,Winter,Superior Room,SU-13,Forest view,French balcony,French balcony or balcony,140,3,1,Booking.com,Online payment,Completed,420
CUST-00640,BOOK-00640,Oliver Salminen,United States,2025-12-19,2026-03-19,2026-03-26,7,Winter,Standard View Room,SV-34,Forest view,Balcony,French balcony or balcony,120,2,1,Booking.com,Invoice,Completed,840
CUST-00641,BOOK-00641,Olivia Kowalski,United Kingdom,2025-04-09,2025-10-06,2025-10-08,2,Shoulder,Superior Room,SU-01,Slope view,French balcony,French balcony or balcony,140,2,2,Booking.com,Debit card,Cancelled,0
CUST-00642,BOOK-00642,Lucas Kowalski,Canada,2025-07-04,2025-10-19,2025-10-26,7,Shoulder,Standard View Room,SV-26,Slope view,French balcony,French balcony or balcony,120,4,0,Direct website,Online payment,Completed,840
CUST-00643,BOOK-00643,Alma Korhonen,Norway,2025-07-15,2025-12-27,2025-12-31,4,Winter,Standard Room,SR-33,Forest view,Balcony,French balcony or balcony,100,2,1,Booking.com,Invoice,Completed,400
CUST-00644,BOOK-00644,Anna Dubois,United States,2025-02-14,2025-06-20,2025-06-21,1,Summer,Standard Room,SR-03,Forest view,Balcony,French balcony or balcony,95,1,0,Booking.com,Invoice,Completed,95
CUST-00645,BOOK-00645,Elias Wilson,Denmark,2025-06-25,2025-08-11,2025-08-15,4,Summer,Standard Room,SR-36,Slope view,Balcony,French balcony or balcony,95,2,1,Booking.com,Credit card,Completed,380
CUST-00646,BOOK-00646,Iida Heikkinen,France,2026-04-30,2026-05-10,2026-05-15,5,Shoulder,Superior Room,SU-14,Slope view,French balcony,French balcony or balcony,140,2,0,Phone,Credit card,Cancelled,0
CUST-00647,BOOK-00647,Leo Silva,Austria,2025-10-25,2025-12-17,2025-12-22,5,Winter,Standard View Room,SV-07,Slope view,French balcony,French balcony or balcony,120,2,0,Direct website,Credit card,Completed,600
CUST-00648,BOOK-00648,Emilia Lehtonen,Denmark,2025-07-14,2026-01-02,2026-01-03,1,Winter,Standard Room,SR-19,Forest view,French balcony,French balcony or balcony,100,3,0,Corporate,Credit card,Completed,100
CUST-00649,BOOK-00649,Oscar Hansen,Poland,2025-10-14,2025-11-15,2025-11-18,3,Winter,Superior Room,SU-04,Forest view,French balcony,French balcony or balcony,140,2,0,Booking.com,Credit card,Completed,420
CUST-00650,BOOK-00650,Nora Nieminen,Italy,2025-07-08,2025-12-23,2025-12-28,5,Winter,Standard Room,SR-18,Slope view,Balcony,French balcony or balcony,100,1,2,Travel agency,Online payment,Cancelled,0
CUST-00651,BOOK-00651,Felix Heikkinen,Italy,2026-03-08,2026-04-03,2026-04-07,4,Winter,Deluxe Sky Suite,DS-02,Forest view,Balcony,Igloo; bathtub; sauna; French balcony or balcony,700,4,1,Phone,Debit card,No-show,0
CUST-00652,BOOK-00652,Hugo Nieminen,Estonia,2025-11-12,2025-11-18,2025-11-20,2,Winter,Superior Family Room,SF-04,Forest view,Balcony,French balcony or balcony,170,2,1,Booking.com,Credit card,Completed,340
CUST-00653,BOOK-00653,Matti Bianchi,Poland,2025-07-26,2025-09-28,2025-09-29,1,Shoulder,Superior Family Room,SF-05,Forest view,French balcony,French balcony or balcony,170,1,0,Expedia,Debit card,Completed,170
CUST-00654,BOOK-00654,Theo Bianchi,Estonia,2025-07-12,2025-08-17,2025-08-20,3,Summer,Superior Room,SU-18,Slope view,Balcony,French balcony or balcony,140,2,1,Direct website,Invoice,No-show,0
CUST-00655,BOOK-00655,Mikael Lehtonen,France,2025-12-09,2026-04-28,2026-05-04,6,Winter,Superior Family Room,SF-04,Forest view,French balcony,French balcony or balcony,170,4,1,Booking.com,Debit card,Completed,1020
CUST-00656,BOOK-00656,Aino Nieminen,Canada,2026-03-20,2026-04-08,2026-04-15,7,Winter,Standard View Room,SV-27,Forest view,French balcony,French balcony or balcony,120,1,3,Booking.com,Debit card,Cancelled,0
CUST-00657,BOOK-00657,Matti Smith,Norway,2025-03-28,2025-07-17,2025-07-19,2,Summer,Standard View Room,SV-01,Forest view,Balcony,French balcony or balcony,120,2,1,Booking.com,Invoice,Completed,240
CUST-00658,BOOK-00658,Ava Saarinen,Canada,2025-08-08,2025-08-30,2025-09-03,4,Summer,Standard Room,SR-38,Slope view,Balcony,French balcony or balcony,95,2,0,Travel agency,Invoice,Cancelled,0
CUST-00659,BOOK-00659,Elias Silva,Austria,2025-10-26,2026-02-14,2026-02-18,4,Winter,Standard View Room,SV-16,Slope view,French balcony,French balcony or balcony,120,3,2,Corporate,Debit card,Cancelled,0
CUST-00660,BOOK-00660,Alma Salminen,Austria,2025-10-17,2026-03-11,2026-03-16,5,Winter,Standard Room,SR-08,Forest view,Balcony,French balcony or balcony,100,1,0,Travel agency,Debit card,Completed,500
CUST-00661,BOOK-00661,Samuel Karlsson,Austria,2025-05-03,2025-08-19,2025-08-26,7,Summer,Standard Room,SR-06,Slope view,Balcony,French balcony or balcony,95,4,0,Travel agency,Online payment,No-show,0
CUST-00662,BOOK-00662,Eetu Hansen,United Kingdom,2026-03-05,2026-04-25,2026-05-05,10,Winter,Standard Room,SR-08,Forest view,Balcony,French balcony or balcony,100,4,1,Phone,Online payment,Completed,1000
CUST-00663,BOOK-00663,Olivia Kowalski,Poland,2025-12-13,2026-02-16,2026-02-21,5,Winter,Superior Room,SU-02,Slope view,French balcony,French balcony or balcony,140,2,2,Expedia,Credit card,Completed,700
CUST-00664,BOOK-00664,Noah Saarinen,Netherlands,2025-12-19,2026-05-24,2026-05-29,5,Shoulder,Standard Room,SR-13,Forest view,French balcony,French balcony or balcony,100,1,1,Phone,Invoice,Cancelled,0
CUST-00665,BOOK-00665,Ava Novak,Poland,2025-11-07,2025-12-21,2025-12-26,5,Winter,Deluxe Sky Suite,DS-01,Forest view,Balcony,Igloo; bathtub; sauna; French balcony or balcony,700,2,0,Corporate,Invoice,No-show,0
CUST-00666,BOOK-00666,Sofia Martin,Belgium,2026-02-18,2026-03-28,2026-03-31,3,Winter,Standard View Room,SV-34,Forest view,Balcony,French balcony or balcony,120,3,2,Travel agency,Online payment,Completed,360
CUST-00667,BOOK-00667,Emilia Silva,Poland,2025-01-19,2025-06-04,2025-06-14,10,Summer,Superior Family Room,SF-10,Forest view,Balcony,French balcony or balcony,170,3,1,Booking.com,Debit card,Completed,1700
CUST-00668,BOOK-00668,Adam Petrov,Denmark,2025-08-14,2025-12-09,2025-12-11,2,Winter,Standard Room,SR-19,Forest view,French balcony,French balcony or balcony,100,2,0,Booking.com,Debit card,Completed,200
CUST-00669,BOOK-00669,Sofia Schmidt,United Kingdom,2025-09-19,2025-10-11,2025-10-21,10,Shoulder,Deluxe Room,DR-05,Forest view,Balcony,Bathtub and sauna; French balcony or balcony,200,2,0,Direct website,Online payment,No-show,0
CUST-00670,BOOK-00670,Aino Virtanen,Italy,2025-06-13,2025-06-16,2025-06-20,4,Summer,Standard View Room,SV-01,Forest view,French balcony,French balcony or balcony,120,2,0,Direct website,Invoice,Completed,480
CUST-00671,BOOK-00671,Hugo Silva,Estonia,2025-10-31,2026-04-05,2026-04-09,4,Winter,Deluxe Sky Suite,DS-03,Forest view,Balcony,Igloo; bathtub; sauna; French balcony or balcony,700,2,1,Expedia,Online payment,Cancelled,0
CUST-00672,BOOK-00672,Leo Rantanen,Estonia,2025-09-04,2025-10-01,2025-10-08,7,Shoulder,Superior Room,SU-20,Slope view,French balcony,French balcony or balcony,140,2,1,Phone,Debit card,No-show,0
CUST-00673,BOOK-00673,Samuel Johansson,Canada,2025-02-01,2025-06-14,2025-06-18,4,Summer,Deluxe Room,DR-05,Forest view,Balcony,Bathtub and sauna; French balcony or balcony,200,3,0,Phone,Online payment,Completed,800
CUST-00674,BOOK-00674,Theo Lehtonen,Canada,2025-02-25,2025-06-09,2025-06-14,5,Summer,Deluxe Room,DR-04,Forest view,French balcony,Bathtub and sauna; French balcony or balcony,200,2,2,Travel agency,Credit card,Completed,1000
CUST-00675,BOOK-00675,Felix Santos,Sweden,2025-11-11,2025-12-15,2025-12-18,3,Winter,Standard Room,SR-42,Forest view,Balcony,French balcony or balcony,100,3,0,Phone,Invoice,No-show,0
CUST-00676,BOOK-00676,Matti Lehtonen,France,2025-07-12,2025-08-26,2025-09-02,7,Summer,Sky Suite,SS-01,Slope view,French balcony,Igloo; bathtub; sauna; French balcony or balcony,298,2,3,Direct website,Debit card,No-show,0
CUST-00677,BOOK-00677,Hugo Petrov,Denmark,2025-05-27,2025-11-15,2025-11-22,7,Winter,Superior Family Room,SF-05,Forest view,French balcony,French balcony or balcony,170,4,1,Travel agency,Credit card,Completed,1190
CUST-00678,BOOK-00678,Emilia Martin,Estonia,2026-02-12,2026-05-21,2026-05-24,3,Shoulder,Standard Room,SR-30,Slope view,Balcony,French balcony or balcony,100,3,1,Travel agency,Debit card,No-show,0
CUST-00679,BOOK-00679,Mikael Bianchi,France,2025-08-23,2025-09-23,2025-09-26,3,Shoulder,Standard Room,SR-47,Slope view,Balcony,French balcony or balcony,100,2,0,Travel agency,Credit card,Completed,300
CUST-00680,BOOK-00680,Isla Koskinen,Belgium,2025-05-16,2025-11-07,2025-11-09,2,Winter,Standard View Room,SV-30,Slope view,French balcony,French balcony or balcony,120,2,1,Booking.com,Credit card,Cancelled,0
CUST-00681,BOOK-00681,Sara Müller,Netherlands,2025-08-13,2025-12-20,2025-12-21,1,Winter,Deluxe Room,DR-03,Forest view,Balcony,Bathtub and sauna; French balcony or balcony,200,2,0,Phone,Credit card,Completed,200
CUST-00682,BOOK-00682,Oskari Schmidt,Canada,2025-10-22,2026-04-03,2026-04-06,3,Winter,Standard View Room,SV-03,Forest view,French balcony,French balcony or balcony,120,2,1,Travel agency,Credit card,Completed,360
CUST-00683,BOOK-00683,Leo Kowalski,United Kingdom,2025-07-15,2025-11-18,2025-11-20,2,Winter,Superior Room,SU-13,Forest view,Balcony,French balcony or balcony,140,2,1,Booking.com,Credit card,Completed,280
CUST-00684,BOOK-00684,Amelia Hansen,Norway,2025-10-22,2026-03-08,2026-03-11,3,Winter,Standard View Room,SV-14,Slope view,Balcony,French balcony or balcony,120,2,2,Phone,Invoice,Completed,360
CUST-00685,BOOK-00685,Daniel Johansson,United Kingdom,2025-02-21,2025-07-20,2025-07-22,2,Summer,Superior Family Room,SF-09,Slope view,French balcony,French balcony or balcony,170,2,0,Booking.com,Debit card,Completed,340
CUST-00686,BOOK-00686,Samuel Bianchi,Denmark,2025-03-29,2025-09-20,2025-09-26,6,Shoulder,Standard Room,SR-32,Slope view,French balcony,French balcony or balcony,100,2,3,Phone,Debit card,Completed,600
CUST-00687,BOOK-00687,Eetu Smith,Estonia,2025-01-27,2025-06-29,2025-07-01,2,Summer,Deluxe Sky Suite,DS-02,Forest view,Balcony,Igloo; bathtub; sauna; French balcony or balcony,324,4,1,Travel agency,Debit card,Completed,648
CUST-00688,BOOK-00688,Liam Martin,Austria,2024-12-21,2025-06-18,2025-06-20,2,Summer,Standard View Room,SV-18,Slope view,French balcony,French balcony or balcony,120,3,2,Phone,Invoice,No-show,0
CUST-00689,BOOK-00689,Eetu Nieminen,Denmark,2025-06-14,2025-10-19,2025-10-24,5,Shoulder,Standard View Room,SV-30,Slope view,French balcony,French balcony or balcony,120,1,0,Corporate,Invoice,Completed,600
CUST-00690,BOOK-00690,Olivia Karlsson,Poland,2025-08-02,2025-10-19,2025-10-24,5,Shoulder,Standard Room,SR-24,Slope view,French balcony,French balcony or balcony,100,2,0,Corporate,Debit card,Completed,500
CUST-00691,BOOK-00691,Elsa Karlsson,Norway,2025-08-13,2025-12-25,2025-12-31,6,Winter,Standard Room,SR-04,Forest view,French balcony,French balcony or balcony,100,3,0,Phone,Credit card,No-show,0
CUST-00692,BOOK-00692,Theo Santos,Estonia,2025-07-30,2025-09-01,2025-09-07,6,Shoulder,Superior Room,SU-11,Slope view,French balcony,French balcony or balcony,140,2,0,Booking.com,Credit card,No-show,0
CUST-00693,BOOK-00693,Adam Salminen,Belgium,2025-10-25,2026-03-15,2026-03-18,3,Winter,Superior Family Room,SF-10,Forest view,French balcony,French balcony or balcony,170,2,2,Direct website,Debit card,Completed,510
CUST-00694,BOOK-00694,Oscar Johansson,Germany,2025-06-05,2025-11-01,2025-11-02,1,Winter,Sky Suite,SS-01,Slope view,Balcony,Igloo; bathtub; sauna; French balcony or balcony,298,3,0,Expedia,Debit card,Completed,298
CUST-00695,BOOK-00695,Ava Laine,Spain,2026-03-23,2026-05-19,2026-05-21,2,Shoulder,Superior Family Room,SF-06,Slope view,French balcony,French balcony or balcony,170,2,0,Expedia,Online payment,Completed,340
CUST-00696,BOOK-00696,Linnea Hansen,United Kingdom,2025-04-23,2025-08-05,2025-08-10,5,Summer,Standard View Room,SV-36,Forest view,Balcony,French balcony or balcony,120,2,0,Travel agency,Debit card,Completed,600
CUST-00697,BOOK-00697,Samuel Miller,United Kingdom,2025-11-13,2026-03-02,2026-03-05,3,Winter,Superior Room,SU-18,Slope view,French balcony,French balcony or balcony,140,2,1,Travel agency,Credit card,Completed,420
CUST-00698,BOOK-00698,Elina Andersen,Norway,2026-01-10,2026-04-06,2026-04-09,3,Winter,Standard Room,SR-29,Forest view,French balcony,French balcony or balcony,100,2,0,Expedia,Debit card,Completed,300
CUST-00699,BOOK-00699,Sofia Santos,Denmark,2025-08-09,2025-09-24,2025-09-27,3,Shoulder,Standard Room,SR-23,Forest view,Balcony,French balcony or balcony,100,2,1,Direct website,Online payment,Cancelled,0
CUST-00700,BOOK-00700,Leo Heikkinen,Estonia,2025-12-09,2026-03-20,2026-03-26,6,Winter,Standard View Room,SV-15,Forest view,French balcony,French balcony or balcony,120,2,1,Corporate,Invoice,Completed,720
CUST-00701,BOOK-00701,Noah Dubois,Germany,2025-12-24,2026-01-31,2026-02-04,4,Winter,Standard Room,SR-32,Slope view,Balcony,French balcony or balcony,100,2,0,Phone,Online payment,No-show,0
CUST-00702,BOOK-00702,Theo Rantanen,United States,2025-05-29,2025-10-06,2025-10-11,5,Shoulder,Standard View Room,SV-32,Forest view,Balcony,French balcony or balcony,120,2,0,Phone,Debit card,Completed,600
CUST-00703,BOOK-00703,Anna Schmidt,Norway,2025-05-24,2025-11-04,2025-11-09,5,Winter,Standard Room,SR-29,Forest view,French balcony,French balcony or balcony,100,1,0,Direct website,Debit card,Cancelled,0
CUST-00704,BOOK-00704,Aino Petrov,Poland,2025-09-28,2026-03-22,2026-03-24,2,Winter,Superior Room,SU-07,Forest view,French balcony,French balcony or balcony,140,2,0,Phone,Credit card,Cancelled,0
CUST-00705,BOOK-00705,Isla Rossi,Belgium,2025-10-22,2025-12-25,2025-12-26,1,Winter,Standard Room,SR-43,Forest view,French balcony,French balcony or balcony,100,2,2,Phone,Debit card,Completed,100
CUST-00706,BOOK-00706,Leo Andersen,Canada,2025-05-22,2025-08-29,2025-08-31,2,Summer,Superior Family Room,SF-04,Forest view,French balcony,French balcony or balcony,170,2,0,Phone,Debit card,Completed,340
CUST-00707,BOOK-00707,Hugo Salminen,Italy,2026-01-07,2026-03-04,2026-03-10,6,Winter,Deluxe Room,DR-02,Slope view,French balcony,Bathtub and sauna; French balcony or balcony,200,3,0,Booking.com,Online payment,Completed,1200
CUST-00708,BOOK-00708,Julia Virtanen,Belgium,2026-04-23,2026-04-26,2026-04-30,4,Winter,Deluxe Room,DR-04,Forest view,Balcony,Bathtub and sauna; French balcony or balcony,200,2,0,Direct website,Online payment,Cancelled,0
CUST-00709,BOOK-00709,Ava Nieminen,Germany,2025-05-20,2025-09-04,2025-09-07,3,Shoulder,Standard Room,SR-30,Slope view,French balcony,French balcony or balcony,100,4,0,Phone,Online payment,Cancelled,0
CUST-00710,BOOK-00710,Liam Brown,Italy,2025-08-26,2025-09-24,2025-09-28,4,Shoulder,Standard View Room,SV-19,Slope view,Balcony,French balcony or balcony,120,3,0,Booking.com,Online payment,Cancelled,0
CUST-00711,BOOK-00711,Eetu Järvinen,Spain,2025-12-28,2026-01-09,2026-01-10,1,Winter,Deluxe Room,DR-01,Slope view,French balcony,Bathtub and sauna; French balcony or balcony,200,2,1,Direct website,Debit card,Completed,200
CUST-00712,BOOK-00712,Eetu Andersen,Canada,2025-12-17,2026-05-08,2026-05-10,2,Shoulder,Standard View Room,SV-32,Forest view,Balcony,French balcony or balcony,120,3,1,Expedia,Invoice,Completed,240
CUST-00713,BOOK-00713,Mila Mäkinen,Denmark,2026-02-05,2026-02-12,2026-02-17,5,Winter,Superior Room,SU-18,Slope view,French balcony,French balcony or balcony,140,2,0,Phone,Debit card,Cancelled,0
CUST-00714,BOOK-00714,Isla Karlsson,Spain,2025-04-14,2025-06-27,2025-07-02,5,Summer,Standard Room,SR-31,Forest view,Balcony,French balcony or balcony,95,2,0,Corporate,Debit card,Completed,475
CUST-00715,BOOK-00715,Matti Dubois,Poland,2025-12-27,2026-02-17,2026-02-19,2,Winter,Standard Room,SR-38,Slope view,Balcony,French balcony or balcony,100,3,1,Phone,Debit card,Completed,200
CUST-00716,BOOK-00716,Nora Mäkinen,Germany,2025-05-24,2025-09-05,2025-09-15,10,Shoulder,Standard View Room,SV-26,Slope view,French balcony,French balcony or balcony,120,2,0,Booking.com,Invoice,Completed,1200
CUST-00717,BOOK-00717,Alexander Smith,Spain,2024-12-28,2025-06-10,2025-06-14,4,Summer,Standard Room,SR-20,Forest view,French balcony,French balcony or balcony,95,2,0,Direct website,Invoice,Cancelled,0
CUST-00718,BOOK-00718,Iida Rossi,Poland,2026-02-20,2026-04-26,2026-04-28,2,Winter,Standard Room,SR-18,Slope view,Balcony,French balcony or balcony,100,4,0,Direct website,Credit card,Completed,200
CUST-00719,BOOK-00719,Sofia Andersen,United Kingdom,2026-02-28,2026-05-05,2026-05-10,5,Shoulder,Standard Room,SR-30,Slope view,Balcony,French balcony or balcony,100,2,0,Direct website,Credit card,Completed,500
CUST-00720,BOOK-00720,Samuel Bianchi,Belgium,2026-03-15,2026-05-16,2026-05-20,4,Shoulder,Deluxe Room,DR-01,Slope view,Balcony,Bathtub and sauna; French balcony or balcony,200,2,0,Direct website,Debit card,Completed,800
CUST-00721,BOOK-00721,Ava Rossi,United States,2026-03-23,2026-04-19,2026-04-24,5,Winter,Standard Room,SR-03,Forest view,French balcony,French balcony or balcony,100,4,1,Expedia,Invoice,Completed,500
CUST-00722,BOOK-00722,Alexander Brown,Italy,2025-04-20,2025-09-12,2025-09-16,4,Shoulder,Standard Room,SR-38,Slope view,Balcony,French balcony or balcony,100,4,0,Phone,Credit card,Completed,400
CUST-00723,BOOK-00723,Elias Heikkinen,Italy,2025-07-14,2026-01-10,2026-01-12,2,Winter,Standard View Room,SV-10,Slope view,French balcony,French balcony or balcony,120,2,2,Direct website,Debit card,No-show,0
CUST-00724,BOOK-00724,Emma Johansson,Austria,2025-07-29,2025-12-21,2025-12-25,4,Winter,Standard View Room,SV-33,Forest view,Balcony,French balcony or balcony,120,2,0,Booking.com,Credit card,Completed,480
CUST-00725,BOOK-00725,Alma Smith,Italy,2025-06-03,2025-08-21,2025-08-25,4,Summer,Standard View Room,SV-12,Slope view,French balcony,French balcony or balcony,120,2,0,Direct website,Debit card,No-show,0
CUST-00726,BOOK-00726,Oskari Kowalski,Germany,2025-07-14,2025-09-23,2025-09-24,1,Shoulder,Standard Room,SR-45,Forest view,French balcony,French balcony or balcony,100,3,0,Booking.com,Credit card,Completed,100
CUST-00727,BOOK-00727,Oliver Petrov,Italy,2025-04-26,2025-06-01,2025-06-06,5,Summer,Superior Room,SU-11,Slope view,Balcony,French balcony or balcony,140,4,0,Direct website,Credit card,Completed,700
CUST-00728,BOOK-00728,Elias Brown,Denmark,2025-06-05,2025-11-30,2025-12-03,3,Winter,Deluxe Sky Suite,DS-02,Forest view,Balcony,Igloo; bathtub; sauna; French balcony or balcony,700,4,0,Phone,Debit card,Completed,2100
CUST-00729,BOOK-00729,Noah Johansson,Netherlands,2025-09-22,2026-01-13,2026-01-16,3,Winter,Standard Room,SR-17,Forest view,Balcony,French balcony or balcony,100,2,0,Travel agency,Debit card,Cancelled,0
CUST-00730,BOOK-00730,Julia Petrov,United Kingdom,2025-08-08,2026-01-22,2026-01-24,2,Winter,Deluxe Room,DR-03,Forest view,Balcony,Bathtub and sauna; French balcony or balcony,200,1,0,Booking.com,Invoice,No-show,0
CUST-00731,BOOK-00731,Matti Johansson,Austria,2026-04-21,2026-05-18,2026-05-22,4,Shoulder,Standard Room,SR-25,Forest view,French balcony,French balcony or balcony,100,3,1,Corporate,Credit card,Cancelled,0
CUST-00732,BOOK-00732,Mila Lehtonen,Norway,2025-10-02,2025-12-11,2025-12-14,3,Winter,Standard Room,SR-01,Slope view,French balcony,French balcony or balcony,100,4,0,Direct website,Credit card,Completed,300
CUST-00733,BOOK-00733,Ava Laine,Canada,2025-10-10,2026-03-05,2026-03-10,5,Winter,Standard Room,SR-07,Slope view,Balcony,French balcony or balcony,100,3,0,Travel agency,Debit card,Completed,500
CUST-00734,BOOK-00734,Eetu Korhonen,Sweden,2025-09-05,2025-10-03,2025-10-05,2,Shoulder,Superior Room,SU-12,Slope view,Balcony,French balcony or balcony,140,2,2,Travel agency,Debit card,No-show,0
CUST-00735,BOOK-00735,Noah Rantanen,Spain,2025-04-03,2025-06-01,2025-06-08,7,Summer,Standard Room,SR-18,Slope view,Balcony,French balcony or balcony,95,3,1,Direct website,Invoice,Cancelled,0
CUST-00736,BOOK-00736,Emilia Wilson,Estonia,2025-07-25,2025-08-26,2025-09-05,10,Summer,Standard Room,SR-42,Forest view,Balcony,French balcony or balcony,95,4,2,Direct website,Debit card,Completed,950
CUST-00737,BOOK-00737,Noah Novak,Spain,2025-03-23,2025-08-31,2025-09-04,4,Summer,Standard Room,SR-20,Forest view,Balcony,French balcony or balcony,95,2,0,Travel agency,Online payment,Cancelled,0
CUST-00738,BOOK-00738,Noah Silva,Germany,2025-07-23,2025-10-14,2025-10-20,6,Shoulder,Superior Room,SU-06,Slope view,French balcony,French balcony or balcony,140,2,1,Travel agency,Credit card,Completed,840
CUST-00739,BOOK-00739,Oliver Koskinen,Germany,2025-06-10,2025-07-28,2025-08-01,4,Summer,Sky Suite,SS-01,Slope view,Balcony,Igloo; bathtub; sauna; French balcony or balcony,298,2,0,Travel agency,Invoice,Completed,1192
CUST-00740,BOOK-00740,Olivia Andersen,Canada,2025-11-17,2026-04-05,2026-04-11,6,Winter,Standard Room,SR-03,Forest view,Balcony,French balcony or balcony,100,2,1,Travel agency,Credit card,Completed,600
CUST-00741,BOOK-00741,Oliver Lehtonen,Belgium,2026-03-23,2026-03-25,2026-03-30,5,Winter,Standard View Room,SV-19,Slope view,French balcony,French balcony or balcony,120,4,0,Corporate,Invoice,Completed,600
CUST-00742,BOOK-00742,Mila Salminen,United States,2025-07-01,2025-08-08,2025-08-15,7,Summer,Standard Room,SR-45,Forest view,Balcony,French balcony or balcony,95,2,1,Direct website,Debit card,Completed,665
CUST-00743,BOOK-00743,Isla Rantanen,Sweden,2025-07-02,2025-07-31,2025-08-10,10,Summer,Superior Room,SU-18,Slope view,French balcony,French balcony or balcony,140,2,0,Booking.com,Credit card,Completed,1400
CUST-00744,BOOK-00744,Felix Müller,Poland,2025-07-06,2025-08-15,2025-08-18,3,Summer,Standard Room,SR-32,Slope view,French balcony,French balcony or balcony,95,2,0,Corporate,Online payment,Completed,285
CUST-00745,BOOK-00745,Sara Mäkinen,Germany,2026-01-10,2026-01-27,2026-01-30,3,Winter,Standard Room,SR-33,Forest view,French balcony,French balcony or balcony,100,2,0,Booking.com,Credit card,Completed,300
CUST-00746,BOOK-00746,Elina Rossi,Italy,2025-07-25,2025-12-20,2025-12-26,6,Winter,Superior Room,SU-14,Slope view,Balcony,French balcony or balcony,140,3,0,Booking.com,Online payment,Cancelled,0
CUST-00747,BOOK-00747,Amelia Wilson,Sweden,2025-05-21,2025-07-18,2025-07-22,4,Summer,Deluxe Sky Suite,DS-03,Forest view,Balcony,Igloo; bathtub; sauna; French balcony or balcony,324,2,1,Corporate,Credit card,Completed,1296
CUST-00748,BOOK-00748,Olivia Heikkinen,Sweden,2026-02-13,2026-05-21,2026-05-25,4,Shoulder,Standard Room,SR-42,Forest view,Balcony,French balcony or balcony,100,2,0,Direct website,Online payment,Cancelled,0
CUST-00749,BOOK-00749,Emma Brown,Denmark,2026-03-18,2026-04-05,2026-04-11,6,Winter,Standard Room,SR-05,Slope view,French balcony,French balcony or balcony,100,2,1,Expedia,Debit card,Completed,600
CUST-00750,BOOK-00750,Oliver Miller,Sweden,2025-10-15,2026-03-10,2026-03-13,3,Winter,Sky Suite,SS-01,Slope view,Balcony,Igloo; bathtub; sauna; French balcony or balcony,298,1,0,Expedia,Credit card,Completed,894
CUST-00751,BOOK-00751,Anna Silva,Austria,2025-08-29,2025-11-30,2025-12-05,5,Winter,Sky Suite,SS-02,Forest view,French balcony,Igloo; bathtub; sauna; French balcony or balcony,298,3,0,Travel agency,Credit card,Completed,1490
CUST-00752,BOOK-00752,Hugo Miller,Sweden,2025-11-29,2026-02-13,2026-02-19,6,Winter,Standard Room,SR-46,Slope view,French balcony,French balcony or balcony,100,2,0,Phone,Credit card,Cancelled,0
CUST-00753,BOOK-00753,Emma Petrov,Estonia,2025-06-03,2025-09-27,2025-10-04,7,Shoulder,Superior Family Room,SF-10,Forest view,French balcony,French balcony or balcony,170,2,0,Travel agency,Credit card,Completed,1190
CUST-00754,BOOK-00754,Emilia Petrov,Germany,2025-12-20,2026-05-16,2026-05-19,3,Shoulder,Standard Room,SR-25,Forest view,Balcony,French balcony or balcony,100,2,0,Expedia,Credit card,No-show,0
CUST-00755,BOOK-00755,Emma Nieminen,Italy,2025-09-15,2026-02-11,2026-02-13,2,Winter,Standard Room,SR-19,Forest view,Balcony,French balcony or balcony,100,2,0,Phone,Invoice,Completed,200
CUST-00756,BOOK-00756,Mila Petrov,Denmark,2025-05-17,2025-10-11,2025-10-21,10,Shoulder,Deluxe Sky Suite,DS-03,Forest view,Balcony,Igloo; bathtub; sauna; French balcony or balcony,500,1,2,Travel agency,Invoice,Cancelled,0
CUST-00757,BOOK-00757,Anna Rantanen,Norway,2025-10-20,2026-04-14,2026-04-21,7,Winter,Standard Room,SR-10,Forest view,Balcony,French balcony or balcony,100,2,0,Phone,Credit card,No-show,0
CUST-00758,BOOK-00758,Elina Korhonen,Germany,2026-03-17,2026-04-14,2026-04-24,10,Winter,Standard Room,SR-27,Slope view,Balcony,French balcony or balcony,100,2,0,Direct website,Debit card,Completed,1000
CUST-00759,BOOK-00759,Alma Martin,United States,2025-11-17,2025-12-16,2025-12-23,7,Winter,Superior Room,SU-04,Forest view,French balcony,French balcony or balcony,140,2,0,Travel agency,Invoice,Cancelled,0
CUST-00760,BOOK-00760,Julia Järvinen,Canada,2025-08-11,2025-09-11,2025-09-14,3,Shoulder,Standard Room,SR-46,Slope view,Balcony,French balcony or balcony,100,2,0,Travel agency,Debit card,No-show,0
CUST-00761,BOOK-00761,Leo Kowalski,Belgium,2026-01-02,2026-04-24,2026-04-27,3,Winter,Standard View Room,SV-39,Forest view,Balcony,French balcony or balcony,120,2,0,Direct website,Invoice,Cancelled,0
CUST-00762,BOOK-00762,Oskari Hansen,Norway,2025-07-31,2025-10-17,2025-10-20,3,Shoulder,Standard Room,SR-04,Forest view,Balcony,French balcony or balcony,100,3,0,Phone,Online payment,Completed,300
CUST-00763,BOOK-00763,Mikael Petrov,Spain,2025-07-21,2025-09-03,2025-09-09,6,Shoulder,Standard Room,SR-42,Forest view,French balcony,French balcony or balcony,100,2,0,Travel agency,Debit card,Cancelled,0
CUST-00764,BOOK-00764,Aino Brown,France,2026-05-02,2026-05-23,2026-05-27,4,Shoulder,Sky Suite,SS-01,Slope view,French balcony,Igloo; bathtub; sauna; French balcony or balcony,298,2,3,Phone,Online payment,Cancelled,0
CUST-00765,BOOK-00765,Anna Mäkinen,Poland,2025-03-31,2025-06-08,2025-06-10,2,Summer,Standard View Room,SV-37,Forest view,French balcony,French balcony or balcony,120,4,2,Booking.com,Invoice,Cancelled,0
CUST-00766,BOOK-00766,Alexander Rossi,United Kingdom,2025-11-20,2026-04-24,2026-05-04,10,Winter,Standard Room,SR-29,Forest view,Balcony,French balcony or balcony,100,2,0,Booking.com,Credit card,Completed,1000
CUST-00767,BOOK-00767,Adam Müller,Denmark,2025-07-31,2025-12-07,2025-12-13,6,Winter,Standard Room,SR-03,Forest view,Balcony,French balcony or balcony,100,2,0,Corporate,Invoice,Completed,600
CUST-00768,BOOK-00768,Alma Andersen,Belgium,2026-01-07,2026-02-23,2026-03-05,10,Winter,Standard Room,SR-26,Forest view,French balcony,French balcony or balcony,100,2,0,Phone,Invoice,Completed,1000
CUST-00769,BOOK-00769,Oliver Santos,Denmark,2026-03-28,2026-04-21,2026-04-24,3,Winter,Superior Room,SU-18,Slope view,French balcony,French balcony or balcony,140,2,0,Travel agency,Credit card,Completed,420
CUST-00770,BOOK-00770,Alexander Järvinen,Netherlands,2025-12-24,2026-04-21,2026-04-25,4,Winter,Standard View Room,SV-18,Slope view,Balcony,French balcony or balcony,120,2,2,Direct website,Online payment,Completed,480
CUST-00771,BOOK-00771,Aino Petrov,Belgium,2025-11-26,2026-01-24,2026-01-27,3,Winter,Superior Family Room,SF-10,Forest view,Balcony,French balcony or balcony,170,2,1,Expedia,Invoice,Cancelled,0
CUST-00772,BOOK-00772,Aino Korhonen,Germany,2026-02-03,2026-05-11,2026-05-14,3,Shoulder,Deluxe Room,DR-05,Forest view,Balcony,Bathtub and sauna; French balcony or balcony,200,2,2,Travel agency,Debit card,Completed,600
CUST-00773,BOOK-00773,Leo Santos,Poland,2026-02-06,2026-03-12,2026-03-22,10,Winter,Standard Room,SR-14,Slope view,Balcony,French balcony or balcony,100,4,0,Expedia,Debit card,Cancelled,0
CUST-00774,BOOK-00774,Eetu Martin,Austria,2025-08-01,2026-01-10,2026-01-13,3,Winter,Superior Room,SU-03,Forest view,Balcony,French balcony or balcony,140,3,0,Expedia,Debit card,No-show,0
CUST-00775,BOOK-00775,Noah Korhonen,Norway,2025-02-20,2025-07-18,2025-07-20,2,Summer,Standard View Room,SV-35,Slope view,Balcony,French balcony or balcony,120,1,1,Travel agency,Online payment,No-show,0
CUST-00776,BOOK-00776,Oscar Müller,Netherlands,2025-05-29,2025-09-04,2025-09-07,3,Shoulder,Deluxe Room,DR-03,Forest view,Balcony,Bathtub and sauna; French balcony or balcony,200,3,0,Booking.com,Credit card,Completed,600
CUST-00777,BOOK-00777,Eetu Mäkinen,Germany,2026-02-08,2026-04-23,2026-05-03,10,Winter,Deluxe Room,DR-04,Forest view,Balcony,Bathtub and sauna; French balcony or balcony,200,4,0,Travel agency,Online payment,Cancelled,0
CUST-00778,BOOK-00778,Emilia Karlsson,Norway,2025-07-22,2025-09-15,2025-09-18,3,Shoulder,Standard View Room,SV-33,Forest view,Balcony,French balcony or balcony,120,2,0,Travel agency,Debit card,Cancelled,0
CUST-00779,BOOK-00779,Ella Mäkinen,Estonia,2025-06-03,2025-09-01,2025-09-04,3,Shoulder,Deluxe Room,DR-04,Forest view,Balcony,Bathtub and sauna; French balcony or balcony,200,4,0,Direct website,Debit card,No-show,0
CUST-00780,BOOK-00780,Elias Brown,Finland,2025-10-12,2026-02-23,2026-02-28,5,Winter,Sky Suite,SS-02,Forest view,French balcony,Igloo; bathtub; sauna; French balcony or balcony,298,2,0,Booking.com,Credit card,No-show,0
CUST-00781,BOOK-00781,Oskari Saarinen,Canada,2025-09-23,2025-11-15,2025-11-17,2,Winter,Standard Room,SR-45,Forest view,French balcony,French balcony or balcony,100,2,0,Expedia,Invoice,Completed,200
CUST-00782,BOOK-00782,Linnea Heikkinen,France,2025-08-16,2026-02-09,2026-02-13,4,Winter,Sky Suite,SS-02,Forest view,Balcony,Igloo; bathtub; sauna; French balcony or balcony,298,4,0,Corporate,Online payment,Completed,1192
CUST-00783,BOOK-00783,Theo Andersen,Italy,2025-06-02,2025-08-24,2025-08-30,6,Summer,Sky Suite,SS-01,Slope view,French balcony,Igloo; bathtub; sauna; French balcony or balcony,298,2,0,Corporate,Online payment,Cancelled,0
CUST-00784,BOOK-00784,Ella Petrov,Italy,2025-07-10,2025-12-09,2025-12-16,7,Winter,Superior Family Room,SF-02,Forest view,Balcony,French balcony or balcony,170,2,1,Phone,Online payment,Completed,1190
CUST-00785,BOOK-00785,Liam Rantanen,Netherlands,2025-12-01,2025-12-21,2025-12-22,1,Winter,Standard Room,SR-20,Forest view,French balcony,French balcony or balcony,100,3,0,Expedia,Credit card,Cancelled,0
CUST-00786,BOOK-00786,Alma Miller,Estonia,2025-04-05,2025-06-05,2025-06-08,3,Summer,Standard Room,SR-24,Slope view,French balcony,French balcony or balcony,95,2,1,Corporate,Debit card,Completed,285
CUST-00787,BOOK-00787,Felix Novak,Poland,2025-01-28,2025-07-23,2025-07-27,4,Summer,Superior Room,SU-16,Forest view,Balcony,French balcony or balcony,140,2,0,Booking.com,Credit card,Completed,560
CUST-00788,BOOK-00788,Eetu Johansson,United Kingdom,2025-09-06,2026-02-08,2026-02-12,4,Winter,Deluxe Sky Suite,DS-02,Forest view,Balcony,Igloo; bathtub; sauna; French balcony or balcony,700,2,0,Direct website,Online payment,Completed,2800
CUST-00789,BOOK-00789,Sara Laine,Austria,2025-05-30,2025-06-10,2025-06-15,5,Summer,Deluxe Room,DR-04,Forest view,French balcony,Bathtub and sauna; French balcony or balcony,200,2,0,Travel agency,Credit card,Cancelled,0
CUST-00790,BOOK-00790,Amelia Nieminen,Estonia,2025-08-24,2025-12-30,2026-01-04,5,Winter,Standard Room,SR-24,Slope view,French balcony,French balcony or balcony,100,2,1,Travel agency,Invoice,Completed,500
CUST-00791,BOOK-00791,Sofia Korhonen,Netherlands,2026-04-11,2026-04-25,2026-05-05,10,Winter,Standard Room,SR-11,Slope view,French balcony,French balcony or balcony,100,2,3,Phone,Invoice,No-show,0
CUST-00792,BOOK-00792,Oscar Korhonen,Sweden,2025-07-18,2025-09-24,2025-09-26,2,Shoulder,Standard Room,SR-44,Forest view,French balcony,French balcony or balcony,100,2,2,Direct website,Online payment,Completed,200
CUST-00793,BOOK-00793,Emma Kowalski,Germany,2025-06-18,2025-11-16,2025-11-21,5,Winter,Superior Family Room,SF-09,Slope view,Balcony,French balcony or balcony,170,2,0,Booking.com,Invoice,Completed,850
CUST-00794,BOOK-00794,Felix Karlsson,Canada,2026-02-09,2026-04-23,2026-04-27,4,Winter,Standard Room,SR-10,Forest view,Balcony,French balcony or balcony,100,3,0,Direct website,Online payment,Completed,400
CUST-00795,BOOK-00795,Lucas Rossi,Norway,2025-10-09,2025-10-30,2025-11-04,5,Shoulder,Standard View Room,SV-25,Forest view,Balcony,French balcony or balcony,120,1,0,Booking.com,Invoice,Completed,600
CUST-00796,BOOK-00796,Elsa Smith,Estonia,2025-09-25,2025-12-15,2025-12-17,2,Winter,Standard Room,SR-32,Slope view,Balcony,French balcony or balcony,100,3,1,Direct website,Debit card,No-show,0
CUST-00797,BOOK-00797,Adam Järvinen,Austria,2025-08-02,2025-09-21,2025-09-28,7,Shoulder,Standard View Room,SV-07,Slope view,French balcony,French balcony or balcony,120,2,0,Expedia,Credit card,No-show,0
CUST-00798,BOOK-00798,Elias Novak,United States,2025-06-27,2025-08-15,2025-08-19,4,Summer,Standard Room,SR-12,Slope view,Balcony,French balcony or balcony,95,1,1,Travel agency,Online payment,Completed,380
CUST-00799,BOOK-00799,Lucas Laine,Austria,2025-06-06,2025-10-14,2025-10-16,2,Shoulder,Standard View Room,SV-23,Forest view,Balcony,French balcony or balcony,120,2,0,Expedia,Online payment,Cancelled,0
CUST-00800,BOOK-00800,Ava Salminen,France,2025-04-07,2025-07-21,2025-07-22,1,Summer,Standard View Room,SV-01,Forest view,French balcony,French balcony or balcony,120,2,0,Travel agency,Invoice,Cancelled,0
CUST-00801,BOOK-00801,Eetu Virtanen,Sweden,2025-02-27,2025-07-26,2025-07-31,5,Summer,Superior Room,SU-03,Forest view,Balcony,French balcony or balcony,140,2,0,Expedia,Debit card,Completed,700
CUST-00802,BOOK-00802,Nora Bianchi,Italy,2025-12-07,2026-04-14,2026-04-19,5,Winter,Standard View Room,SV-16,Slope view,French balcony,French balcony or balcony,120,2,0,Phone,Online payment,Completed,600
CUST-00803,BOOK-00803,Hugo Bianchi,Spain,2025-10-06,2026-04-02,2026-04-05,3,Winter,Standard Room,SR-44,Forest view,French balcony,French balcony or balcony,100,2,1,Booking.com,Debit card,No-show,0
CUST-00804,BOOK-00804,Isla Koskinen,Finland,2025-10-02,2025-11-18,2025-11-25,7,Winter,Standard Room,SR-08,Forest view,Balcony,French balcony or balcony,100,4,0,Direct website,Online payment,Cancelled,0
CUST-00805,BOOK-00805,Eetu Virtanen,Finland,2025-09-04,2026-01-29,2026-02-02,4,Winter,Standard View Room,SV-01,Forest view,Balcony,French balcony or balcony,120,3,0,Booking.com,Debit card,Cancelled,0
CUST-00806,BOOK-00806,Julia Bianchi,Belgium,2025-02-28,2025-07-19,2025-07-21,2,Summer,Superior Family Room,SF-10,Forest view,Balcony,French balcony or balcony,170,3,0,Travel agency,Credit card,Cancelled,0
CUST-00807,BOOK-00807,Hugo Mäkinen,Italy,2025-06-04,2025-11-28,2025-12-01,3,Winter,Standard Room,SR-25,Forest view,French balcony,French balcony or balcony,100,2,0,Booking.com,Debit card,No-show,0
CUST-00808,BOOK-00808,Samuel Järvinen,Norway,2025-10-10,2025-11-30,2025-12-04,4,Winter,Standard Room,SR-17,Forest view,Balcony,French balcony or balcony,100,3,2,Phone,Invoice,Cancelled,0
CUST-00809,BOOK-00809,Amelia Miller,Poland,2025-12-15,2026-02-25,2026-02-27,2,Winter,Sky Suite,SS-02,Forest view,Balcony,Igloo; bathtub; sauna; French balcony or balcony,298,2,0,Phone,Online payment,Completed,596
CUST-00810,BOOK-00810,Sara Mäkinen,Finland,2025-12-02,2026-04-10,2026-04-12,2,Winter,Superior Family Room,SF-06,Slope view,French balcony,French balcony or balcony,170,2,0,Expedia,Debit card,Completed,340
CUST-00811,BOOK-00811,Alma Virtanen,France,2025-08-21,2025-11-03,2025-11-07,4,Winter,Standard Room,SR-23,Forest view,French balcony,French balcony or balcony,100,1,0,Travel agency,Online payment,Completed,400
CUST-00812,BOOK-00812,Sara Santos,Germany,2026-04-11,2026-05-05,2026-05-11,6,Shoulder,Standard Room,SR-10,Forest view,Balcony,French balcony or balcony,100,2,1,Travel agency,Credit card,Completed,600
CUST-00813,BOOK-00813,Olivia Andersen,Austria,2025-09-30,2025-10-27,2025-10-30,3,Shoulder,Standard View Room,SV-07,Slope view,Balcony,French balcony or balcony,120,4,0,Booking.com,Invoice,Completed,360
CUST-00814,BOOK-00814,Linnea Laine,Poland,2025-12-22,2026-05-14,2026-05-21,7,Shoulder,Superior Family Room,SF-10,Forest view,French balcony,French balcony or balcony,170,2,0,Corporate,Invoice,Completed,1190
CUST-00815,BOOK-00815,Sofia Laine,United States,2025-09-09,2026-03-07,2026-03-09,2,Winter,Superior Family Room,SF-07,Slope view,Balcony,French balcony or balcony,170,2,1,Expedia,Invoice,Cancelled,0
CUST-00816,BOOK-00816,Elias Kowalski,Finland,2025-08-12,2025-11-29,2025-12-03,4,Winter,Standard View Room,SV-27,Forest view,French balcony,French balcony or balcony,120,3,1,Expedia,Debit card,Cancelled,0
CUST-00817,BOOK-00817,Sara Virtanen,Austria,2026-02-19,2026-03-25,2026-03-29,4,Winter,Standard Room,SR-17,Forest view,Balcony,French balcony or balcony,100,3,0,Corporate,Invoice,No-show,0
CUST-00818,BOOK-00818,Mikael Wilson,Denmark,2025-04-13,2025-06-28,2025-06-30,2,Summer,Standard Room,SR-17,Forest view,Balcony,French balcony or balcony,95,3,2,Direct website,Credit card,Completed,190
CUST-00819,BOOK-00819,Nora Novak,Germany,2025-06-26,2025-09-13,2025-09-17,4,Shoulder,Standard View Room,SV-12,Slope view,Balcony,French balcony or balcony,120,3,2,Travel agency,Debit card,Completed,480
CUST-00820,BOOK-00820,Elsa Mäkinen,Netherlands,2025-06-05,2025-07-29,2025-07-31,2,Summer,Standard Room,SR-31,Forest view,French balcony,French balcony or balcony,95,2,1,Travel agency,Invoice,Completed,190
CUST-00821,BOOK-00821,Matti Müller,Italy,2025-01-22,2025-06-29,2025-07-06,7,Summer,Standard Room,SR-40,Forest view,Balcony,French balcony or balcony,95,3,1,Travel agency,Debit card,Completed,665
CUST-00822,BOOK-00822,Emma Smith,France,2025-12-20,2026-04-22,2026-04-23,1,Winter,Standard Room,SR-24,Slope view,Balcony,French balcony or balcony,100,2,1,Corporate,Invoice,Completed,100
CUST-00823,BOOK-00823,Alma Andersen,Poland,2025-10-28,2025-12-06,2025-12-11,5,Winter,Standard View Room,SV-39,Forest view,French balcony,French balcony or balcony,120,2,0,Travel agency,Credit card,Completed,600
CUST-00824,BOOK-00824,Theo Virtanen,Belgium,2026-02-16,2026-03-25,2026-03-28,3,Winter,Superior Room,SU-18,Slope view,Balcony,French balcony or balcony,140,4,0,Direct website,Debit card,No-show,0
CUST-00825,BOOK-00825,Elsa Hansen,Norway,2025-10-16,2025-12-01,2025-12-05,4,Winter,Deluxe Room,DR-02,Slope view,French balcony,Bathtub and sauna; French balcony or balcony,200,2,1,Expedia,Invoice,Completed,800
CUST-00826,BOOK-00826,Emilia Kowalski,Canada,2025-05-05,2025-08-11,2025-08-14,3,Summer,Superior Family Room,SF-09,Slope view,Balcony,French balcony or balcony,170,2,0,Phone,Online payment,Cancelled,0
CUST-00827,BOOK-00827,Laura Wilson,Austria,2025-07-18,2025-08-06,2025-08-11,5,Summer,Standard View Room,SV-12,Slope view,French balcony,French balcony or balcony,120,1,1,Booking.com,Credit card,Completed,600
CUST-00828,BOOK-00828,Nora Silva,Netherlands,2026-04-09,2026-05-07,2026-05-09,2,Shoulder,Sky Suite,SS-01,Slope view,French balcony,Igloo; bathtub; sauna; French balcony or balcony,298,3,0,Travel agency,Credit card,Completed,596
CUST-00829,BOOK-00829,Theo Silva,Belgium,2025-01-26,2025-07-02,2025-07-06,4,Summer,Standard Room,SR-11,Slope view,French balcony,French balcony or balcony,95,4,0,Phone,Invoice,Completed,380
CUST-00830,BOOK-00830,Ava Saarinen,Canada,2025-08-19,2025-12-11,2025-12-13,2,Winter,Superior Room,SU-17,Slope view,Balcony,French balcony or balcony,140,2,1,Travel agency,Debit card,Completed,280
CUST-00831,BOOK-00831,Lucas Virtanen,Germany,2025-07-12,2025-07-15,2025-07-19,4,Summer,Superior Room,SU-19,Slope view,Balcony,French balcony or balcony,140,3,0,Direct website,Online payment,Completed,560
CUST-00832,BOOK-00832,Julia Järvinen,France,2025-04-08,2025-09-03,2025-09-08,5,Shoulder,Sky Suite,SS-01,Slope view,Balcony,Igloo; bathtub; sauna; French balcony or balcony,298,2,0,Corporate,Debit card,No-show,0
CUST-00833,BOOK-00833,Felix Nieminen,Germany,2025-02-21,2025-07-05,2025-07-09,4,Summer,Superior Room,SU-15,Forest view,Balcony,French balcony or balcony,140,2,0,Direct website,Online payment,Completed,560
CUST-00834,BOOK-00834,Olivia Rossi,Belgium,2025-05-24,2025-06-12,2025-06-15,3,Summer,Sky Suite,SS-01,Slope view,French balcony,Igloo; bathtub; sauna; French balcony or balcony,298,4,0,Corporate,Debit card,Completed,894
CUST-00835,BOOK-00835,Leo Brown,Denmark,2025-09-23,2026-02-21,2026-02-28,7,Winter,Standard View Room,SV-31,Forest view,Balcony,French balcony or balcony,120,4,3,Phone,Credit card,No-show,0
CUST-00836,BOOK-00836,Mila Järvinen,Estonia,2024-12-28,2025-06-17,2025-06-20,3,Summer,Standard Room,SR-32,Slope view,French balcony,French balcony or balcony,95,2,0,Corporate,Credit card,Completed,285
CUST-00837,BOOK-00837,Oliver Novak,Canada,2025-10-21,2025-11-25,2025-12-05,10,Winter,Sky Suite,SS-01,Slope view,Balcony,Igloo; bathtub; sauna; French balcony or balcony,298,3,0,Travel agency,Debit card,No-show,0
CUST-00838,BOOK-00838,Elias Kowalski,Sweden,2026-04-21,2026-04-29,2026-05-02,3,Winter,Standard View Room,SV-19,Slope view,French balcony,French balcony or balcony,120,2,2,Phone,Credit card,Completed,360
CUST-00839,BOOK-00839,Isla Rossi,Poland,2025-10-19,2026-03-10,2026-03-14,4,Winter,Standard View Room,SV-35,Slope view,French balcony,French balcony or balcony,120,2,0,Corporate,Online payment,Completed,480
CUST-00840,BOOK-00840,Nora Nieminen,Finland,2025-09-29,2025-11-28,2025-11-30,2,Winter,Standard View Room,SV-04,Forest view,Balcony,French balcony or balcony,120,3,2,Corporate,Credit card,Completed,240
CUST-00841,BOOK-00841,Leo Laine,United States,2025-04-21,2025-06-08,2025-06-15,7,Summer,Standard Room,SR-20,Forest view,Balcony,French balcony or balcony,95,1,0,Phone,Debit card,Completed,665
CUST-00842,BOOK-00842,Emilia Nieminen,Italy,2025-06-09,2025-10-28,2025-10-30,2,Shoulder,Standard View Room,SV-03,Forest view,French balcony,French balcony or balcony,120,2,1,Expedia,Debit card,Completed,240
CUST-00843,BOOK-00843,Sara Schmidt,Netherlands,2025-08-31,2026-01-14,2026-01-19,5,Winter,Sky Suite,SS-01,Slope view,Balcony,Igloo; bathtub; sauna; French balcony or balcony,298,2,0,Direct website,Credit card,No-show,0
CUST-00844,BOOK-00844,Oskari Nieminen,France,2025-10-19,2025-11-25,2025-12-02,7,Winter,Superior Room,SU-06,Slope view,French balcony,French balcony or balcony,140,2,0,Direct website,Online payment,Cancelled,0
CUST-00845,BOOK-00845,Eetu Korhonen,Canada,2025-08-02,2025-08-12,2025-08-13,1,Summer,Standard Room,SR-01,Slope view,Balcony,French balcony or balcony,95,2,0,Direct website,Credit card,Cancelled,0
CUST-00846,BOOK-00846,Olivia Johansson,Sweden,2025-08-23,2025-10-21,2025-10-27,6,Shoulder,Standard View Room,SV-13,Forest view,French balcony,French balcony or balcony,120,2,1,Corporate,Credit card,Cancelled,0
CUST-00847,BOOK-00847,Mikael Kowalski,Italy,2025-12-03,2026-05-05,2026-05-08,3,Shoulder,Standard View Room,SV-29,Slope view,French balcony,French balcony or balcony,120,3,0,Corporate,Invoice,Completed,360
CUST-00848,BOOK-00848,Sofia Brown,Austria,2025-07-14,2026-01-05,2026-01-11,6,Winter,Sky Suite,SS-02,Forest view,Balcony,Igloo; bathtub; sauna; French balcony or balcony,298,3,2,Travel agency,Invoice,Completed,1788
CUST-00849,BOOK-00849,Olivia Johansson,Netherlands,2026-02-14,2026-03-21,2026-03-26,5,Winter,Superior Family Room,SF-08,Forest view,French balcony,French balcony or balcony,170,2,1,Expedia,Credit card,Completed,850
CUST-00850,BOOK-00850,Ella Wilson,Italy,2025-07-04,2025-10-06,2025-10-12,6,Shoulder,Standard Room,SR-24,Slope view,Balcony,French balcony or balcony,100,3,1,Corporate,Credit card,Cancelled,0
CUST-00851,BOOK-00851,Liam Johansson,United States,2025-07-28,2025-08-03,2025-08-06,3,Summer,Superior Room,SU-20,Slope view,Balcony,French balcony or balcony,140,1,0,Expedia,Invoice,Completed,420
CUST-00852,BOOK-00852,Oliver Saarinen,Estonia,2026-04-05,2026-04-23,2026-04-29,6,Winter,Standard Room,SR-01,Slope view,Balcony,French balcony or balcony,100,2,1,Expedia,Online payment,No-show,0
CUST-00853,BOOK-00853,Leo Lehtonen,Denmark,2025-08-24,2026-02-09,2026-02-11,2,Winter,Superior Room,SU-06,Slope view,French balcony,French balcony or balcony,140,2,0,Travel agency,Online payment,No-show,0
CUST-00854,BOOK-00854,Linnea Korhonen,Belgium,2025-02-02,2025-06-22,2025-06-26,4,Summer,Standard Room,SR-47,Slope view,French balcony,French balcony or balcony,95,2,0,Direct website,Invoice,Completed,380
CUST-00855,BOOK-00855,Samuel Müller,Poland,2025-07-08,2025-07-28,2025-08-01,4,Summer,Standard Room,SR-06,Slope view,Balcony,French balcony or balcony,95,3,0,Expedia,Online payment,No-show,0
CUST-00856,BOOK-00856,Sara Wilson,Finland,2025-10-07,2025-11-19,2025-11-29,10,Winter,Deluxe Room,DR-02,Slope view,Balcony,Bathtub and sauna; French balcony or balcony,200,1,2,Corporate,Credit card,Cancelled,0
CUST-00857,BOOK-00857,Laura Rossi,Belgium,2025-05-29,2025-07-25,2025-07-29,4,Summer,Superior Family Room,SF-05,Forest view,Balcony,French balcony or balcony,170,3,0,Phone,Debit card,No-show,0
CUST-00858,BOOK-00858,Felix Smith,Poland,2025-07-27,2025-12-13,2025-12-18,5,Winter,Superior Room,SU-03,Forest view,French balcony,French balcony or balcony,140,3,0,Direct website,Invoice,Completed,700
CUST-00859,BOOK-00859,Felix Salminen,Netherlands,2026-02-07,2026-05-04,2026-05-08,4,Shoulder,Standard View Room,SV-01,Forest view,French balcony,French balcony or balcony,120,3,3,Booking.com,Invoice,Completed,480
CUST-00860,BOOK-00860,Alexander Rantanen,Norway,2025-08-09,2025-11-09,2025-11-14,5,Winter,Standard Room,SR-17,Forest view,French balcony,French balcony or balcony,100,4,1,Corporate,Debit card,Cancelled,0
CUST-00861,BOOK-00861,Oscar Lehtonen,Poland,2025-07-26,2026-01-16,2026-01-22,6,Winter,Standard Room,SR-29,Forest view,French balcony,French balcony or balcony,100,2,1,Expedia,Online payment,Completed,600
CUST-00862,BOOK-00862,Julia Martin,France,2025-06-13,2025-07-31,2025-08-02,2,Summer,Standard View Room,SV-18,Slope view,Balcony,French balcony or balcony,120,1,0,Expedia,Invoice,No-show,0
CUST-00863,BOOK-00863,Emma Nieminen,Germany,2025-03-11,2025-07-22,2025-07-24,2,Summer,Standard Room,SR-15,Slope view,Balcony,French balcony or balcony,95,4,0,Travel agency,Debit card,Completed,190
CUST-00864,BOOK-00864,Laura Wilson,Denmark,2025-10-16,2025-10-29,2025-10-31,2,Shoulder,Deluxe Room,DR-01,Slope view,French balcony,Bathtub and sauna; French balcony or balcony,200,3,0,Travel agency,Invoice,Completed,400
CUST-00865,BOOK-00865,Mila Bianchi,United Kingdom,2025-11-18,2026-04-19,2026-04-23,4,Winter,Superior Family Room,SF-02,Forest view,French balcony,French balcony or balcony,170,2,0,Corporate,Online payment,Cancelled,0
CUST-00866,BOOK-00866,Adam Bianchi,Italy,2026-04-16,2026-05-12,2026-05-17,5,Shoulder,Standard View Room,SV-19,Slope view,French balcony,French balcony or balcony,120,2,0,Corporate,Invoice,Completed,600
CUST-00867,BOOK-00867,Ella Müller,France,2025-07-05,2025-10-25,2025-10-28,3,Shoulder,Standard Room,SR-40,Forest view,Balcony,French balcony or balcony,100,2,1,Direct website,Online payment,Completed,300
CUST-00868,BOOK-00868,Nora Novak,United Kingdom,2025-08-10,2025-10-24,2025-10-26,2,Shoulder,Standard Room,SR-04,Forest view,Balcony,French balcony or balcony,100,4,1,Booking.com,Online payment,Cancelled,0
CUST-00869,BOOK-00869,Elias Wilson,Sweden,2025-03-25,2025-08-12,2025-08-14,2,Summer,Standard View Room,SV-34,Forest view,French balcony,French balcony or balcony,120,1,1,Direct website,Online payment,Completed,240
CUST-00870,BOOK-00870,Elsa Laine,United States,2025-06-28,2025-09-13,2025-09-16,3,Shoulder,Sky Suite,SS-01,Slope view,French balcony,Igloo; bathtub; sauna; French balcony or balcony,298,3,2,Direct website,Invoice,Cancelled,0
CUST-00871,BOOK-00871,Eetu Petrov,Belgium,2025-12-17,2026-01-08,2026-01-12,4,Winter,Standard Room,SR-09,Forest view,French balcony,French balcony or balcony,100,3,0,Corporate,Online payment,Completed,400
CUST-00872,BOOK-00872,Anna Novak,Sweden,2025-06-30,2025-10-20,2025-10-24,4,Shoulder,Superior Room,SU-19,Slope view,French balcony,French balcony or balcony,140,4,1,Expedia,Debit card,Completed,560
CUST-00873,BOOK-00873,Matti Laine,Austria,2026-01-14,2026-03-13,2026-03-18,5,Winter,Deluxe Room,DR-01,Slope view,French balcony,Bathtub and sauna; French balcony or balcony,200,2,0,Booking.com,Invoice,Completed,1000
CUST-00874,BOOK-00874,Lucas Korhonen,Poland,2025-10-04,2025-10-23,2025-10-25,2,Shoulder,Superior Room,SU-16,Forest view,Balcony,French balcony or balcony,140,2,0,Booking.com,Credit card,No-show,0
CUST-00875,BOOK-00875,Matti Martin,Belgium,2025-08-29,2026-01-01,2026-01-06,5,Winter,Superior Room,SU-18,Slope view,French balcony,French balcony or balcony,140,3,1,Expedia,Invoice,No-show,0
CUST-00876,BOOK-00876,Hugo Salminen,Denmark,2025-12-10,2026-02-06,2026-02-12,6,Winter,Standard View Room,SV-08,Forest view,French balcony,French balcony or balcony,120,4,2,Expedia,Invoice,No-show,0
CUST-00877,BOOK-00877,Alma Petrov,Estonia,2025-07-28,2026-01-15,2026-01-18,3,Winter,Superior Room,SU-18,Slope view,French balcony,French balcony or balcony,140,2,0,Booking.com,Invoice,Completed,420
CUST-00878,BOOK-00878,Oskari Smith,France,2025-10-23,2026-02-06,2026-02-10,4,Winter,Superior Room,SU-16,Forest view,French balcony,French balcony or balcony,140,2,0,Phone,Online payment,Completed,560
CUST-00879,BOOK-00879,Leo Saarinen,Canada,2025-10-31,2025-12-28,2025-12-31,3,Winter,Standard View Room,SV-37,Forest view,Balcony,French balcony or balcony,120,3,0,Travel agency,Invoice,Completed,360
CUST-00880,BOOK-00880,Mikael Laine,Finland,2025-09-15,2025-09-22,2025-09-26,4,Shoulder,Standard Room,SR-28,Slope view,Balcony,French balcony or balcony,100,2,1,Expedia,Credit card,Completed,400
CUST-00881,BOOK-00881,Emma Müller,Austria,2026-03-03,2026-05-02,2026-05-03,1,Shoulder,Standard Room,SR-29,Forest view,Balcony,French balcony or balcony,100,3,2,Expedia,Invoice,Completed,100
CUST-00882,BOOK-00882,Elias Silva,Denmark,2025-05-12,2025-09-19,2025-09-23,4,Shoulder,Standard Room,SR-46,Slope view,Balcony,French balcony or balcony,100,3,0,Expedia,Online payment,Completed,400
CUST-00883,BOOK-00883,Oskari Bianchi,Denmark,2025-03-07,2025-06-13,2025-06-16,3,Summer,Superior Family Room,SF-08,Forest view,Balcony,French balcony or balcony,170,2,1,Expedia,Credit card,Completed,510
CUST-00884,BOOK-00884,Elias Korhonen,Germany,2025-06-14,2025-07-10,2025-07-12,2,Summer,Superior Room,SU-17,Slope view,Balcony,French balcony or balcony,140,2,1,Expedia,Online payment,Cancelled,0
CUST-00885,BOOK-00885,Ava Mäkinen,Italy,2025-07-19,2026-01-04,2026-01-08,4,Winter,Standard Room,SR-02,Slope view,Balcony,French balcony or balcony,100,2,0,Booking.com,Invoice,Cancelled,0
CUST-00886,BOOK-00886,Adam Lehtonen,Austria,2026-03-09,2026-03-15,2026-03-18,3,Winter,Standard Room,SR-45,Forest view,Balcony,French balcony or balcony,100,3,2,Corporate,Credit card,No-show,0
CUST-00887,BOOK-00887,Theo Rantanen,Canada,2025-08-25,2026-01-18,2026-01-21,3,Winter,Deluxe Sky Suite,DS-02,Forest view,French balcony,Igloo; bathtub; sauna; French balcony or balcony,700,3,0,Phone,Credit card,Completed,2100
CUST-00888,BOOK-00888,Laura Lehtonen,Norway,2025-06-11,2025-07-19,2025-07-23,4,Summer,Standard Room,SR-36,Slope view,Balcony,French balcony or balcony,95,2,0,Phone,Debit card,Cancelled,0
CUST-00889,BOOK-00889,Noah Virtanen,Estonia,2025-01-04,2025-07-01,2025-07-06,5,Summer,Standard Room,SR-14,Slope view,Balcony,French balcony or balcony,95,3,0,Booking.com,Invoice,Completed,475
CUST-00890,BOOK-00890,Alma Rossi,Canada,2025-10-25,2026-03-07,2026-03-11,4,Winter,Sky Suite,SS-01,Slope view,French balcony,Igloo; bathtub; sauna; French balcony or balcony,298,4,0,Direct website,Invoice,Completed,1192
CUST-00891,BOOK-00891,Emma Järvinen,United States,2025-07-05,2025-08-05,2025-08-10,5,Summer,Standard Room,SR-10,Forest view,French balcony,French balcony or balcony,95,4,0,Phone,Invoice,Completed,475
CUST-00892,BOOK-00892,Sara Mäkinen,Poland,2025-05-26,2025-08-11,2025-08-16,5,Summer,Standard View Room,SV-25,Forest view,Balcony,French balcony or balcony,120,2,1,Expedia,Debit card,Completed,600
CUST-00893,BOOK-00893,Samuel Smith,Italy,2025-04-12,2025-08-12,2025-08-15,3,Summer,Superior Room,SU-02,Slope view,Balcony,French balcony or balcony,140,2,0,Phone,Debit card,No-show,0
CUST-00894,BOOK-00894,Alexander Heikkinen,Germany,2025-04-24,2025-08-24,2025-08-28,4,Summer,Superior Family Room,SF-04,Forest view,French balcony,French balcony or balcony,170,4,0,Phone,Debit card,Completed,680
CUST-00895,BOOK-00895,Leo Wilson,United States,2025-04-10,2025-09-11,2025-09-16,5,Shoulder,Standard View Room,SV-02,Forest view,French balcony,French balcony or balcony,120,1,1,Booking.com,Online payment,Completed,600
CUST-00896,BOOK-00896,Laura Bianchi,Spain,2026-01-12,2026-04-18,2026-04-19,1,Winter,Standard Room,SR-23,Forest view,Balcony,French balcony or balcony,100,4,0,Phone,Debit card,Cancelled,0
CUST-00897,BOOK-00897,Liam Saarinen,Denmark,2025-06-06,2025-07-10,2025-07-14,4,Summer,Standard Room,SR-12,Slope view,Balcony,French balcony or balcony,95,2,1,Corporate,Online payment,Completed,380
CUST-00898,BOOK-00898,Nora Järvinen,Norway,2025-11-04,2026-04-12,2026-04-17,5,Winter,Standard View Room,SV-35,Slope view,French balcony,French balcony or balcony,120,2,0,Direct website,Online payment,Completed,600
CUST-00899,BOOK-00899,Isla Dubois,Canada,2025-04-16,2025-07-10,2025-07-17,7,Summer,Standard Room,SR-06,Slope view,Balcony,French balcony or balcony,95,2,0,Corporate,Invoice,Cancelled,0
CUST-00900,BOOK-00900,Elsa Koskinen,Norway,2025-07-08,2025-12-11,2025-12-17,6,Winter,Superior Room,SU-04,Forest view,French balcony,French balcony or balcony,140,4,2,Expedia,Debit card,Completed,840
CUST-00901,BOOK-00901,Eetu Brown,Poland,2025-07-26,2026-01-10,2026-01-14,4,Winter,Standard View Room,SV-30,Slope view,Balcony,French balcony or balcony,120,2,2,Travel agency,Online payment,Completed,480
CUST-00902,BOOK-00902,Olivia Rantanen,United Kingdom,2025-12-31,2026-01-04,2026-01-07,3,Winter,Standard View Room,SV-16,Slope view,French balcony,French balcony or balcony,120,2,0,Direct website,Online payment,Completed,360
CUST-00903,BOOK-00903,Aino Wilson,Italy,2025-11-06,2025-11-16,2025-11-18,2,Winter,Standard View Room,SV-15,Forest view,Balcony,French balcony or balcony,120,3,0,Phone,Online payment,No-show,0
CUST-00904,BOOK-00904,Hugo Wilson,United States,2025-06-14,2025-10-19,2025-10-24,5,Shoulder,Deluxe Sky Suite,DS-03,Forest view,French balcony,Igloo; bathtub; sauna; French balcony or balcony,500,2,2,Corporate,Credit card,Completed,2500
CUST-00905,BOOK-00905,Liam Schmidt,Germany,2025-05-28,2025-06-20,2025-06-23,3,Summer,Superior Room,SU-17,Slope view,Balcony,French balcony or balcony,140,3,0,Travel agency,Credit card,Completed,420
CUST-00906,BOOK-00906,Elias Koskinen,Estonia,2025-09-24,2025-11-08,2025-11-10,2,Winter,Standard View Room,SV-39,Forest view,Balcony,French balcony or balcony,120,2,2,Travel agency,Invoice,Completed,240
CUST-00907,BOOK-00907,Noah Bianchi,Italy,2026-04-15,2026-05-08,2026-05-13,5,Shoulder,Standard Room,SR-17,Forest view,French balcony,French balcony or balcony,100,2,0,Booking.com,Invoice,No-show,0
CUST-00908,BOOK-00908,Daniel Saarinen,Belgium,2025-07-27,2025-08-28,2025-09-02,5,Summer,Deluxe Room,DR-01,Slope view,Balcony,Bathtub and sauna; French balcony or balcony,200,2,1,Direct website,Invoice,Completed,1000
CUST-00909,BOOK-00909,Liam Koskinen,Finland,2025-06-01,2025-07-16,2025-07-18,2,Summer,Standard Room,SR-31,Forest view,French balcony,French balcony or balcony,95,2,0,Direct website,Debit card,Completed,190
CUST-00910,BOOK-00910,Mila Salminen,Sweden,2025-07-29,2025-11-05,2025-11-11,6,Winter,Superior Room,SU-05,Slope view,Balcony,French balcony or balcony,140,2,0,Expedia,Invoice,Completed,840
CUST-00911,BOOK-00911,Sara Saarinen,United States,2025-07-17,2025-09-24,2025-09-30,6,Shoulder,Standard Room,SR-35,Forest view,French balcony,French balcony or balcony,100,2,0,Expedia,Invoice,Completed,600
CUST-00912,BOOK-00912,Olivia Laine,France,2025-12-28,2026-04-20,2026-04-25,5,Winter,Standard Room,SR-23,Forest view,Balcony,French balcony or balcony,100,3,1,Expedia,Debit card,No-show,0
CUST-00913,BOOK-00913,Oliver Smith,France,2025-09-16,2025-11-23,2025-11-28,5,Winter,Standard View Room,SV-35,Slope view,French balcony,French balcony or balcony,120,2,0,Direct website,Debit card,Completed,600
CUST-00914,BOOK-00914,Olivia Dubois,Sweden,2025-11-07,2026-01-30,2026-02-01,2,Winter,Standard View Room,SV-36,Forest view,French balcony,French balcony or balcony,120,2,2,Direct website,Debit card,No-show,0
CUST-00915,BOOK-00915,Liam Kowalski,Belgium,2025-10-14,2026-01-02,2026-01-06,4,Winter,Standard Room,SR-22,Slope view,French balcony,French balcony or balcony,100,2,0,Direct website,Invoice,Completed,400
CUST-00916,BOOK-00916,Hugo Müller,Netherlands,2026-02-05,2026-04-12,2026-04-16,4,Winter,Standard View Room,SV-11,Slope view,Balcony,French balcony or balcony,120,2,0,Travel agency,Online payment,Cancelled,0
CUST-00917,BOOK-00917,Sofia Andersen,Poland,2025-04-12,2025-06-21,2025-07-01,10,Summer,Deluxe Room,DR-02,Slope view,Balcony,Bathtub and sauna; French balcony or balcony,200,2,0,Booking.com,Online payment,No-show,0
CUST-00918,BOOK-00918,Mila Laine,Estonia,2026-03-18,2026-04-02,2026-04-12,10,Winter,Sky Suite,SS-02,Forest view,French balcony,Igloo; bathtub; sauna; French balcony or balcony,298,2,1,Expedia,Invoice,No-show,0
CUST-00919,BOOK-00919,Liam Salminen,Spain,2025-11-28,2025-12-20,2025-12-22,2,Winter,Standard Room,SR-04,Forest view,French balcony,French balcony or balcony,100,2,0,Direct website,Debit card,Completed,200
CUST-00920,BOOK-00920,Hugo Heikkinen,Belgium,2025-07-22,2025-08-18,2025-08-23,5,Summer,Deluxe Room,DR-03,Forest view,Balcony,Bathtub and sauna; French balcony or balcony,200,2,0,Booking.com,Invoice,Completed,1000
CUST-00921,BOOK-00921,Olivia Laine,Estonia,2026-04-03,2026-05-09,2026-05-12,3,Shoulder,Standard View Room,SV-26,Slope view,Balcony,French balcony or balcony,120,3,2,Phone,Invoice,Completed,360
CUST-00922,BOOK-00922,Elias Lehtonen,United Kingdom,2026-01-30,2026-04-02,2026-04-05,3,Winter,Standard Room,SR-47,Slope view,Balcony,French balcony or balcony,100,2,0,Direct website,Invoice,No-show,0
CUST-00923,BOOK-00923,Lucas Salminen,Poland,2025-06-15,2025-07-10,2025-07-15,5,Summer,Standard Room,SR-43,Forest view,Balcony,French balcony or balcony,95,2,0,Booking.com,Online payment,Completed,475
CUST-00924,BOOK-00924,Alexander Heikkinen,United Kingdom,2025-07-27,2025-11-07,2025-11-10,3,Winter,Superior Family Room,SF-02,Forest view,French balcony,French balcony or balcony,170,2,0,Phone,Credit card,Completed,510
CUST-00925,BOOK-00925,Anna Laine,Austria,2025-11-06,2026-05-02,2026-05-08,6,Shoulder,Superior Family Room,SF-03,Forest view,Balcony,French balcony or balcony,170,1,1,Phone,Invoice,Completed,1020
CUST-00926,BOOK-00926,Theo Smith,Belgium,2025-09-02,2026-01-03,2026-01-09,6,Winter,Standard Room,SR-37,Forest view,Balcony,French balcony or balcony,100,3,3,Direct website,Debit card,Completed,600
CUST-00927,BOOK-00927,Noah Korhonen,Estonia,2025-08-04,2026-01-04,2026-01-08,4,Winter,Standard View Room,SV-31,Forest view,Balcony,French balcony or balcony,120,2,1,Phone,Invoice,Completed,480
CUST-00928,BOOK-00928,Alma Rantanen,Sweden,2025-08-07,2026-01-09,2026-01-10,1,Winter,Standard Room,SR-43,Forest view,Balcony,French balcony or balcony,100,2,0,Expedia,Credit card,Cancelled,0
CUST-00929,BOOK-00929,Theo Koskinen,Spain,2025-09-22,2026-03-05,2026-03-08,3,Winter,Standard Room,SR-20,Forest view,French balcony,French balcony or balcony,100,2,0,Direct website,Invoice,Completed,300
CUST-00930,BOOK-00930,Julia Andersen,Italy,2025-07-08,2025-10-06,2025-10-08,2,Shoulder,Standard View Room,SV-28,Slope view,Balcony,French balcony or balcony,120,3,0,Phone,Invoice,Completed,240
CUST-00931,BOOK-00931,Sofia Hansen,Norway,2025-03-25,2025-06-21,2025-06-23,2,Summer,Standard View Room,SV-16,Slope view,Balcony,French balcony or balcony,120,2,0,Phone,Online payment,No-show,0
CUST-00932,BOOK-00932,Eetu Santos,France,2025-12-04,2026-05-01,2026-05-06,5,Shoulder,Standard Room,SR-16,Slope view,Balcony,French balcony or balcony,100,4,1,Corporate,Debit card,Cancelled,0
CUST-00933,BOOK-00933,Isla Saarinen,United Kingdom,2026-03-11,2026-05-22,2026-05-28,6,Shoulder,Standard View Room,SV-19,Slope view,French balcony,French balcony or balcony,120,2,2,Phone,Online payment,Completed,720
CUST-00934,BOOK-00934,Mila Saarinen,Italy,2025-06-20,2025-10-18,2025-10-19,1,Shoulder,Standard Room,SR-37,Forest view,Balcony,French balcony or balcony,100,2,0,Phone,Online payment,Cancelled,0
CUST-00935,BOOK-00935,Alma Miller,Poland,2025-04-11,2025-09-22,2025-09-24,2,Shoulder,Standard Room,SR-24,Slope view,Balcony,French balcony or balcony,100,2,0,Corporate,Credit card,No-show,0
CUST-00936,BOOK-00936,Alma Schmidt,Canada,2025-09-29,2025-11-23,2025-11-26,3,Winter,Standard Room,SR-06,Slope view,French balcony,French balcony or balcony,100,3,0,Direct website,Credit card,Completed,300
CUST-00937,BOOK-00937,Elsa Rantanen,Spain,2026-02-03,2026-04-20,2026-04-24,4,Winter,Deluxe Sky Suite,DS-01,Forest view,Balcony,Igloo; bathtub; sauna; French balcony or balcony,700,2,0,Booking.com,Debit card,Completed,2800
CUST-00938,BOOK-00938,Sara Brown,Canada,2026-02-13,2026-04-16,2026-04-19,3,Winter,Standard View Room,SV-33,Forest view,Balcony,French balcony or balcony,120,4,0,Corporate,Credit card,Completed,360
CUST-00939,BOOK-00939,Sara Heikkinen,United Kingdom,2025-04-07,2025-07-20,2025-07-23,3,Summer,Standard Room,SR-05,Slope view,Balcony,French balcony or balcony,95,2,0,Corporate,Online payment,No-show,0
CUST-00940,BOOK-00940,Adam Brown,Austria,2025-09-13,2025-11-11,2025-11-17,6,Winter,Superior Room,SU-10,Forest view,Balcony,French balcony or balcony,140,2,0,Travel agency,Debit card,Completed,840
CUST-00941,BOOK-00941,Alma Martin,United Kingdom,2025-03-07,2025-08-30,2025-09-02,3,Summer,Standard Room,SR-11,Slope view,French balcony,French balcony or balcony,95,2,1,Travel agency,Invoice,Completed,285
CUST-00942,BOOK-00942,Adam Nieminen,Poland,2025-08-29,2025-09-05,2025-09-10,5,Shoulder,Superior Room,SU-11,Slope view,Balcony,French balcony or balcony,140,2,0,Phone,Invoice,No-show,0
CUST-00943,BOOK-00943,Olivia Brown,France,2026-04-04,2026-05-17,2026-05-19,2,Shoulder,Standard View Room,SV-16,Slope view,Balcony,French balcony or balcony,120,2,2,Booking.com,Invoice,No-show,0
CUST-00944,BOOK-00944,Lucas Miller,United States,2025-05-15,2025-09-11,2025-09-14,3,Shoulder,Standard Room,SR-12,Slope view,French balcony,French balcony or balcony,100,3,0,Booking.com,Debit card,Completed,300
CUST-00945,BOOK-00945,Emma Lehtonen,United States,2026-01-04,2026-01-23,2026-01-27,4,Winter,Standard Room,SR-37,Forest view,French balcony,French balcony or balcony,100,3,1,Travel agency,Invoice,Completed,400
CUST-00946,BOOK-00946,Eetu Rossi,Finland,2025-08-23,2025-12-15,2025-12-17,2,Winter,Standard View Room,SV-11,Slope view,Balcony,French balcony or balcony,120,3,0,Travel agency,Credit card,No-show,0
CUST-00947,BOOK-00947,Isla Santos,Denmark,2025-11-06,2025-12-04,2025-12-07,3,Winter,Sky Suite,SS-02,Forest view,French balcony,Igloo; bathtub; sauna; French balcony or balcony,298,3,1,Corporate,Credit card,Cancelled,0
CUST-00948,BOOK-00948,Hugo Järvinen,Italy,2025-07-31,2025-08-26,2025-08-29,3,Summer,Superior Room,SU-09,Forest view,Balcony,French balcony or balcony,140,3,0,Phone,Invoice,Completed,420
CUST-00949,BOOK-00949,Mikael Santos,United States,2025-07-28,2025-10-04,2025-10-09,5,Shoulder,Standard Room,SR-24,Slope view,Balcony,French balcony or balcony,100,2,1,Booking.com,Online payment,Cancelled,0
CUST-00950,BOOK-00950,Daniel Petrov,United Kingdom,2025-01-18,2025-06-14,2025-06-17,3,Summer,Standard View Room,SV-39,Forest view,Balcony,French balcony or balcony,120,2,0,Expedia,Debit card,Completed,360
CUST-00951,BOOK-00951,Linnea Martin,Netherlands,2026-05-13,2026-05-22,2026-05-24,2,Shoulder,Superior Room,SU-14,Slope view,French balcony,French balcony or balcony,140,2,0,Direct website,Online payment,Cancelled,0
CUST-00952,BOOK-00952,Hugo Wilson,United Kingdom,2025-09-05,2025-12-04,2025-12-09,5,Winter,Superior Room,SU-07,Forest view,French balcony,French balcony or balcony,140,2,0,Corporate,Online payment,Cancelled,0
CUST-00953,BOOK-00953,Hugo Heikkinen,Canada,2025-09-03,2025-12-11,2025-12-17,6,Winter,Standard View Room,SV-38,Slope view,French balcony,French balcony or balcony,120,3,0,Booking.com,Online payment,No-show,0
CUST-00954,BOOK-00954,Ava Rantanen,Canada,2025-05-18,2025-09-14,2025-09-17,3,Shoulder,Standard Room,SR-29,Forest view,French balcony,French balcony or balcony,100,3,1,Corporate,Debit card,Completed,300
CUST-00955,BOOK-00955,Mikael Smith,Norway,2025-07-03,2025-09-12,2025-09-15,3,Shoulder,Standard Room,SR-12,Slope view,French balcony,French balcony or balcony,100,4,0,Corporate,Debit card,Completed,300
CUST-00956,BOOK-00956,Nora Rossi,United States,2025-08-18,2025-10-04,2025-10-07,3,Shoulder,Superior Room,SU-05,Slope view,French balcony,French balcony or balcony,140,4,0,Expedia,Credit card,Completed,420
CUST-00957,BOOK-00957,Elsa Salminen,Sweden,2025-07-13,2025-09-06,2025-09-11,5,Shoulder,Sky Suite,SS-02,Forest view,French balcony,Igloo; bathtub; sauna; French balcony or balcony,298,2,1,Travel agency,Invoice,Completed,1490
CUST-00958,BOOK-00958,Ava Karlsson,Denmark,2025-03-28,2025-07-21,2025-07-25,4,Summer,Superior Family Room,SF-10,Forest view,French balcony,French balcony or balcony,170,2,0,Corporate,Debit card,Completed,680
CUST-00959,BOOK-00959,Eetu Bianchi,United States,2025-10-19,2026-04-03,2026-04-07,4,Winter,Standard View Room,SV-09,Slope view,French balcony,French balcony or balcony,120,2,1,Travel agency,Credit card,Cancelled,0
CUST-00960,BOOK-00960,Mikael Smith,Canada,2025-05-27,2025-10-07,2025-10-12,5,Shoulder,Superior Room,SU-14,Slope view,Balcony,French balcony or balcony,140,4,0,Corporate,Debit card,Completed,700
CUST-00961,BOOK-00961,Eetu Silva,United Kingdom,2025-07-19,2025-11-22,2025-11-25,3,Winter,Standard View Room,SV-27,Forest view,French balcony,French balcony or balcony,120,2,3,Travel agency,Invoice,Cancelled,0
CUST-00962,BOOK-00962,Sofia Kowalski,United States,2025-05-26,2025-08-23,2025-08-25,2,Summer,Superior Family Room,SF-10,Forest view,French balcony,French balcony or balcony,170,2,0,Booking.com,Debit card,Completed,340
CUST-00963,BOOK-00963,Sofia Dubois,Spain,2025-05-31,2025-11-05,2025-11-09,4,Winter,Standard Room,SR-31,Forest view,French balcony,French balcony or balcony,100,2,0,Booking.com,Debit card,Cancelled,0
CUST-00964,BOOK-00964,Anna Petrov,Canada,2025-07-04,2025-12-20,2025-12-26,6,Winter,Deluxe Room,DR-02,Slope view,Balcony,Bathtub and sauna; French balcony or balcony,200,3,0,Expedia,Invoice,Completed,1200
CUST-00965,BOOK-00965,Anna Johansson,Spain,2025-07-16,2025-11-03,2025-11-06,3,Winter,Standard Room,SR-02,Slope view,Balcony,French balcony or balcony,100,3,0,Travel agency,Credit card,Completed,300
CUST-00966,BOOK-00966,Elias Müller,France,2025-11-02,2025-12-27,2025-12-30,3,Winter,Superior Family Room,SF-01,Slope view,Balcony,French balcony or balcony,170,2,0,Expedia,Invoice,Completed,510
CUST-00967,BOOK-00967,Adam Johansson,Italy,2025-11-14,2025-12-13,2025-12-16,3,Winter,Standard View Room,SV-09,Slope view,French balcony,French balcony or balcony,120,2,0,Travel agency,Invoice,Completed,360
CUST-00968,BOOK-00968,Matti Saarinen,Austria,2025-06-07,2025-06-24,2025-06-30,6,Summer,Standard View Room,SV-16,Slope view,French balcony,French balcony or balcony,120,1,0,Corporate,Online payment,Cancelled,0
CUST-00969,BOOK-00969,Anna Silva,Poland,2025-12-02,2026-01-11,2026-01-18,7,Winter,Standard Room,SR-44,Forest view,French balcony,French balcony or balcony,100,2,0,Corporate,Credit card,Completed,700
CUST-00970,BOOK-00970,Elina Smith,Spain,2025-07-17,2026-01-11,2026-01-14,3,Winter,Standard View Room,SV-07,Slope view,French balcony,French balcony or balcony,120,2,1,Phone,Online payment,Completed,360
CUST-00971,BOOK-00971,Liam Koskinen,United States,2025-10-03,2025-12-02,2025-12-09,7,Winter,Standard View Room,SV-16,Slope view,Balcony,French balcony or balcony,120,2,0,Phone,Online payment,Completed,840
CUST-00972,BOOK-00972,Alexander Andersen,Austria,2025-06-05,2025-10-09,2025-10-13,4,Shoulder,Sky Suite,SS-01,Slope view,French balcony,Igloo; bathtub; sauna; French balcony or balcony,298,3,0,Corporate,Online payment,Completed,1192
CUST-00973,BOOK-00973,Oscar Karlsson,Spain,2025-01-11,2025-06-09,2025-06-13,4,Summer,Deluxe Sky Suite,DS-01,Forest view,Balcony,Igloo; bathtub; sauna; French balcony or balcony,324,3,1,Corporate,Credit card,Completed,1296
CUST-00974,BOOK-00974,Oliver Miller,United States,2025-10-06,2026-03-13,2026-03-19,6,Winter,Standard View Room,SV-37,Forest view,French balcony,French balcony or balcony,120,3,1,Travel agency,Online payment,No-show,0
CUST-00975,BOOK-00975,Mikael Nieminen,United Kingdom,2025-08-11,2026-01-25,2026-01-29,4,Winter,Deluxe Room,DR-05,Forest view,Balcony,Bathtub and sauna; French balcony or balcony,200,2,1,Phone,Invoice,Completed,800
CUST-00976,BOOK-00976,Elias Korhonen,Netherlands,2025-03-19,2025-06-11,2025-06-14,3,Summer,Standard Room,SR-25,Forest view,Balcony,French balcony or balcony,95,2,2,Corporate,Online payment,Cancelled,0
CUST-00977,BOOK-00977,Iida Novak,Germany,2026-01-09,2026-02-28,2026-03-04,4,Winter,Superior Room,SU-05,Slope view,French balcony,French balcony or balcony,140,2,0,Direct website,Credit card,No-show,0
CUST-00978,BOOK-00978,Nora Dubois,France,2025-06-13,2025-08-05,2025-08-09,4,Summer,Sky Suite,SS-02,Forest view,Balcony,Igloo; bathtub; sauna; French balcony or balcony,298,2,3,Booking.com,Debit card,Completed,1192
CUST-00979,BOOK-00979,Eetu Müller,Austria,2025-11-21,2025-11-29,2025-11-30,1,Winter,Deluxe Room,DR-03,Forest view,Balcony,Bathtub and sauna; French balcony or balcony,200,3,2,Booking.com,Invoice,Cancelled,0
CUST-00980,BOOK-00980,Laura Müller,Denmark,2025-06-01,2025-06-26,2025-06-30,4,Summer,Standard View Room,SV-07,Slope view,French balcony,French balcony or balcony,120,2,0,Corporate,Credit card,Cancelled,0
CUST-00981,BOOK-00981,Iida Bianchi,Estonia,2025-05-07,2025-08-23,2025-08-28,5,Summer,Standard Room,SR-12,Slope view,French balcony,French balcony or balcony,95,2,0,Corporate,Online payment,No-show,0
CUST-00982,BOOK-00982,Aino Hansen,Poland,2025-10-19,2026-01-31,2026-02-03,3,Winter,Standard Room,SR-39,Slope view,French balcony,French balcony or balcony,100,2,2,Direct website,Invoice,Completed,300
CUST-00983,BOOK-00983,Hugo Korhonen,Italy,2025-11-14,2026-04-30,2026-05-03,3,Winter,Deluxe Sky Suite,DS-01,Forest view,Balcony,Igloo; bathtub; sauna; French balcony or balcony,700,1,1,Booking.com,Credit card,Cancelled,0
CUST-00984,BOOK-00984,Leo Wilson,France,2025-02-15,2025-08-05,2025-08-09,4,Summer,Standard Room,SR-04,Forest view,Balcony,French balcony or balcony,95,2,0,Booking.com,Invoice,Completed,380
CUST-00985,BOOK-00985,Samuel Novak,Denmark,2025-07-16,2025-08-28,2025-08-30,2,Summer,Standard View Room,SV-09,Slope view,French balcony,French balcony or balcony,120,2,0,Phone,Online payment,Completed,240
CUST-00986,BOOK-00986,Elias Novak,Canada,2025-10-04,2025-10-14,2025-10-19,5,Shoulder,Standard Room,SR-39,Slope view,French balcony,French balcony or balcony,100,4,0,Travel agency,Debit card,Completed,500
CUST-00987,BOOK-00987,Alexander Nieminen,Denmark,2025-04-19,2025-08-20,2025-08-22,2,Summer,Standard Room,SR-42,Forest view,Balcony,French balcony or balcony,95,4,2,Corporate,Invoice,Completed,190
CUST-00988,BOOK-00988,Hugo Karlsson,Italy,2025-07-05,2025-08-08,2025-08-14,6,Summer,Superior Family Room,SF-08,Forest view,Balcony,French balcony or balcony,170,3,0,Corporate,Credit card,Completed,1020
CUST-00989,BOOK-00989,Mila Lehtonen,Germany,2025-12-24,2026-01-31,2026-02-04,4,Winter,Superior Family Room,SF-05,Forest view,French balcony,French balcony or balcony,170,3,1,Phone,Invoice,Completed,680
CUST-00990,BOOK-00990,Liam Bianchi,Spain,2025-07-29,2025-10-23,2025-10-30,7,Shoulder,Standard Room,SR-21,Slope view,Balcony,French balcony or balcony,100,3,0,Corporate,Online payment,Completed,700
CUST-00991,BOOK-00991,Ella Bianchi,Austria,2025-02-25,2025-08-07,2025-08-10,3,Summer,Standard View Room,SV-36,Forest view,French balcony,French balcony or balcony,120,3,3,Direct website,Debit card,No-show,0
CUST-00992,BOOK-00992,Anna Korhonen,Canada,2025-12-17,2026-04-21,2026-04-22,1,Winter,Superior Family Room,SF-10,Forest view,Balcony,French balcony or balcony,170,2,2,Corporate,Invoice,Cancelled,0
CUST-00993,BOOK-00993,Theo Mäkinen,Italy,2025-08-02,2026-01-18,2026-01-28,10,Winter,Standard View Room,SV-23,Forest view,Balcony,French balcony or balcony,120,2,2,Expedia,Online payment,No-show,0
CUST-00994,BOOK-00994,Elsa Saarinen,Norway,2025-11-02,2026-02-05,2026-02-11,6,Winter,Standard View Room,SV-03,Forest view,Balcony,French balcony or balcony,120,3,2,Booking.com,Credit card,Completed,720
CUST-00995,BOOK-00995,Sara Laine,Belgium,2025-07-07,2025-09-25,2025-10-05,10,Shoulder,Superior Family Room,SF-02,Forest view,Balcony,French balcony or balcony,170,2,3,Direct website,Debit card,No-show,0
CUST-00996,BOOK-00996,Noah Müller,Netherlands,2025-12-15,2025-12-21,2025-12-27,6,Winter,Deluxe Room,DR-01,Slope view,French balcony,Bathtub and sauna; French balcony or balcony,200,3,0,Corporate,Debit card,Completed,1200
CUST-00997,BOOK-00997,Samuel Brown,Netherlands,2025-09-18,2026-03-16,2026-03-22,6,Winter,Standard View Room,SV-31,Forest view,French balcony,French balcony or balcony,120,2,0,Booking.com,Debit card,No-show,0
CUST-00998,BOOK-00998,Oskari Virtanen,Austria,2025-06-01,2025-08-17,2025-08-21,4,Summer,Sky Suite,SS-02,Forest view,Balcony,Igloo; bathtub; sauna; French balcony or balcony,298,4,3,Travel agency,Invoice,Completed,1192
CUST-00999,BOOK-00999,Linnea Rossi,Spain,2025-09-18,2025-11-12,2025-11-14,2,Winter,Sky Suite,SS-01,Slope view,French balcony,Igloo; bathtub; sauna; French balcony or balcony,298,1,0,Booking.com,Invoice,Completed,596
CUST-01000,BOOK-01000,Amelia Santos,United Kingdom,2025-03-08,2025-08-22,2025-08-27,5,Summer,Superior Family Room,SF-06,Slope view,Balcony,French balcony or balcony,170,2,0,Expedia,Credit card,Completed,850
CUST-01001,BOOK-01001,Eetu Bianchi,Germany,2025-08-01,2025-09-24,2025-10-04,10,Shoulder,Standard Room,SR-07,Slope view,Balcony,French balcony or balcony,100,2,0,Expedia,Credit card,Cancelled,0
CUST-01002,BOOK-01002,Hugo Lehtonen,United States,2026-02-04,2026-04-23,2026-04-25,2,Winter,Standard Room,SR-04,Forest view,French balcony,French balcony or balcony,100,2,1,Booking.com,Credit card,No-show,0
CUST-01003,BOOK-01003,Linnea Mäkinen,United States,2025-08-03,2025-11-22,2025-11-29,7,Winter,Sky Suite,SS-02,Forest view,French balcony,Igloo; bathtub; sauna; French balcony or balcony,298,3,1,Travel agency,Online payment,Cancelled,0
CUST-01004,BOOK-01004,Samuel Lehtonen,Canada,2025-06-04,2025-09-24,2025-09-28,4,Shoulder,Standard Room,SR-13,Forest view,Balcony,French balcony or balcony,100,1,0,Expedia,Online payment,No-show,0
CUST-01005,BOOK-01005,Iida Nieminen,Finland,2025-09-10,2025-10-07,2025-10-12,5,Shoulder,Standard Room,SR-19,Forest view,Balcony,French balcony or balcony,100,2,0,Corporate,Invoice,Completed,500
CUST-01006,BOOK-01006,Elina Wilson,Austria,2025-12-01,2026-05-07,2026-05-10,3,Shoulder,Deluxe Sky Suite,DS-03,Forest view,Balcony,Igloo; bathtub; sauna; French balcony or balcony,500,1,0,Phone,Credit card,Cancelled,0
CUST-01007,BOOK-01007,Laura Dubois,Poland,2025-12-10,2026-03-22,2026-03-24,2,Winter,Deluxe Sky Suite,DS-03,Forest view,French balcony,Igloo; bathtub; sauna; French balcony or balcony,700,2,1,Travel agency,Credit card,Completed,1400
CUST-01008,BOOK-01008,Elias Järvinen,United Kingdom,2025-12-14,2025-12-22,2025-12-28,6,Winter,Superior Room,SU-13,Forest view,Balcony,French balcony or balcony,140,2,2,Direct website,Invoice,Cancelled,0
CUST-01009,BOOK-01009,Oskari Johansson,Sweden,2025-07-15,2025-10-08,2025-10-11,3,Shoulder,Superior Room,SU-03,Forest view,Balcony,French balcony or balcony,140,3,1,Booking.com,Debit card,Completed,420
CUST-01010,BOOK-01010,Iida Silva,United Kingdom,2025-11-04,2026-03-13,2026-03-19,6,Winter,Standard View Room,SV-37,Forest view,French balcony,French balcony or balcony,120,2,1,Phone,Debit card,Cancelled,0
CUST-01011,BOOK-01011,Amelia Koskinen,Canada,2025-05-29,2025-11-10,2025-11-16,6,Winter,Standard Room,SR-24,Slope view,French balcony,French balcony or balcony,100,3,0,Phone,Invoice,Completed,600
CUST-01012,BOOK-01012,Emma Koskinen,Finland,2025-10-28,2025-11-27,2025-11-30,3,Winter,Standard View Room,SV-18,Slope view,French balcony,French balcony or balcony,120,2,2,Phone,Online payment,Completed,360
CUST-01013,BOOK-01013,Ava Nieminen,Norway,2025-10-10,2026-03-14,2026-03-18,4,Winter,Standard View Room,SV-12,Slope view,Balcony,French balcony or balcony,120,3,0,Expedia,Online payment,Completed,480
CUST-01014,BOOK-01014,Felix Nieminen,Estonia,2025-10-23,2025-12-21,2025-12-23,2,Winter,Standard View Room,SV-02,Forest view,Balcony,French balcony or balcony,120,3,0,Booking.com,Online payment,Completed,240
CUST-01015,BOOK-01015,Nora Johansson,France,2025-05-06,2025-06-14,2025-06-18,4,Summer,Superior Family Room,SF-04,Forest view,French balcony,French balcony or balcony,170,2,2,Corporate,Invoice,Completed,680
CUST-01016,BOOK-01016,Alexander Heikkinen,Austria,2025-08-02,2026-01-11,2026-01-14,3,Winter,Standard View Room,SV-37,Forest view,Balcony,French balcony or balcony,120,3,1,Expedia,Online payment,Completed,360
CUST-01017,BOOK-01017,Anna Brown,Belgium,2025-12-17,2026-01-07,2026-01-10,3,Winter,Deluxe Room,DR-02,Slope view,French balcony,Bathtub and sauna; French balcony or balcony,200,2,1,Phone,Debit card,Completed,600
CUST-01018,BOOK-01018,Hugo Brown,Estonia,2026-02-03,2026-03-03,2026-03-07,4,Winter,Standard Room,SR-14,Slope view,French balcony,French balcony or balcony,100,3,1,Phone,Debit card,No-show,0
CUST-01019,BOOK-01019,Theo Karlsson,Poland,2026-01-07,2026-01-25,2026-01-28,3,Winter,Superior Family Room,SF-06,Slope view,French balcony,French balcony or balcony,170,1,0,Phone,Credit card,No-show,0
CUST-01020,BOOK-01020,Emilia Petrov,Italy,2025-07-01,2025-11-25,2025-11-29,4,Winter,Superior Room,SU-01,Slope view,Balcony,French balcony or balcony,140,4,1,Phone,Invoice,Completed,560
CUST-01021,BOOK-01021,Theo Salminen,Spain,2025-10-13,2026-01-07,2026-01-12,5,Winter,Sky Suite,SS-01,Slope view,French balcony,Igloo; bathtub; sauna; French balcony or balcony,298,2,2,Travel agency,Debit card,Completed,1490
CUST-01022,BOOK-01022,Leo Rossi,Belgium,2025-10-03,2026-03-04,2026-03-14,10,Winter,Standard View Room,SV-02,Forest view,French balcony,French balcony or balcony,120,3,0,Direct website,Invoice,Completed,1200
CUST-01023,BOOK-01023,Liam Korhonen,Canada,2025-07-21,2025-08-22,2025-08-27,5,Summer,Standard Room,SR-02,Slope view,Balcony,French balcony or balcony,95,2,2,Corporate,Invoice,Completed,475
CUST-01024,BOOK-01024,Liam Mäkinen,Spain,2025-09-25,2025-12-26,2025-12-29,3,Winter,Standard View Room,SV-01,Forest view,French balcony,French balcony or balcony,120,3,2,Travel agency,Credit card,Completed,360
CUST-01025,BOOK-01025,Mikael Johansson,Denmark,2025-04-20,2025-09-03,2025-09-06,3,Shoulder,Standard Room,SR-09,Forest view,Balcony,French balcony or balcony,100,1,1,Corporate,Credit card,Completed,300
CUST-01026,BOOK-01026,Aino Koskinen,Austria,2026-02-25,2026-05-16,2026-05-19,3,Shoulder,Standard Room,SR-42,Forest view,French balcony,French balcony or balcony,100,3,0,Expedia,Credit card,Completed,300
CUST-01027,BOOK-01027,Lucas Rantanen,Denmark,2025-03-05,2025-08-28,2025-08-30,2,Summer,Superior Room,SU-19,Slope view,French balcony,French balcony or balcony,140,2,0,Travel agency,Debit card,No-show,0
CUST-01028,BOOK-01028,Ella Kowalski,Denmark,2025-11-26,2026-02-15,2026-02-17,2,Winter,Superior Family Room,SF-06,Slope view,Balcony,French balcony or balcony,170,2,1,Corporate,Debit card,No-show,0
CUST-01029,BOOK-01029,Alma Kowalski,Austria,2025-03-28,2025-07-22,2025-07-26,4,Summer,Superior Room,SU-13,Forest view,French balcony,French balcony or balcony,140,3,0,Booking.com,Online payment,Completed,560
CUST-01030,BOOK-01030,Ella Rantanen,Sweden,2025-04-10,2025-08-12,2025-08-15,3,Summer,Superior Family Room,SF-06,Slope view,French balcony,French balcony or balcony,170,3,0,Phone,Online payment,Cancelled,0
CUST-01031,BOOK-01031,Oscar Martin,France,2025-12-13,2026-02-25,2026-03-01,4,Winter,Superior Room,SU-09,Forest view,Balcony,French balcony or balcony,140,2,1,Expedia,Invoice,Cancelled,0
CUST-01032,BOOK-01032,Sofia Koskinen,Canada,2025-07-19,2025-12-24,2025-12-28,4,Winter,Standard Room,SR-10,Forest view,Balcony,French balcony or balcony,100,2,3,Expedia,Credit card,Cancelled,0
CUST-01033,BOOK-01033,Laura Bianchi,United Kingdom,2025-09-13,2026-02-26,2026-03-04,6,Winter,Standard Room,SR-37,Forest view,Balcony,French balcony or balcony,100,3,0,Direct website,Online payment,Completed,600
CUST-01034,BOOK-01034,Adam Smith,United Kingdom,2025-08-05,2025-12-15,2025-12-17,2,Winter,Deluxe Sky Suite,DS-01,Forest view,Balcony,Igloo; bathtub; sauna; French balcony or balcony,700,3,0,Booking.com,Credit card,Cancelled,0
CUST-01035,BOOK-01035,Emilia Rossi,France,2025-09-15,2026-01-21,2026-01-28,7,Winter,Deluxe Room,DR-01,Slope view,French balcony,Bathtub and sauna; French balcony or balcony,200,2,1,Direct website,Invoice,Completed,1400
CUST-01036,BOOK-01036,Matti Dubois,Estonia,2025-07-29,2025-09-14,2025-09-21,7,Shoulder,Standard Room,SR-02,Slope view,Balcony,French balcony or balcony,100,3,0,Travel agency,Credit card,Completed,700
CUST-01037,BOOK-01037,Isla Dubois,Spain,2025-06-26,2025-08-19,2025-08-21,2,Summer,Standard Room,SR-06,Slope view,Balcony,French balcony or balcony,95,2,0,Travel agency,Invoice,Completed,190
CUST-01038,BOOK-01038,Linnea Wilson,Finland,2025-05-12,2025-10-21,2025-10-27,6,Shoulder,Standard Room,SR-42,Forest view,Balcony,French balcony or balcony,100,1,1,Booking.com,Debit card,Cancelled,0
CUST-01039,BOOK-01039,Emilia Heikkinen,Estonia,2025-05-24,2025-07-07,2025-07-12,5,Summer,Standard Room,SR-38,Slope view,Balcony,French balcony or balcony,95,4,1,Phone,Invoice,Cancelled,0
CUST-01040,BOOK-01040,Sofia Silva,Denmark,2025-07-13,2025-10-24,2025-10-28,4,Shoulder,Standard Room,SR-34,Slope view,French balcony,French balcony or balcony,100,4,0,Travel agency,Debit card,Completed,400
CUST-01041,BOOK-01041,Eetu Lehtonen,Sweden,2025-04-26,2025-08-05,2025-08-09,4,Summer,Standard Room,SR-37,Forest view,French balcony,French balcony or balcony,95,2,1,Direct website,Debit card,Completed,380
CUST-01042,BOOK-01042,Ella Dubois,France,2025-11-16,2026-01-10,2026-01-14,4,Winter,Standard View Room,SV-31,Forest view,Balcony,French balcony or balcony,120,1,0,Booking.com,Online payment,Cancelled,0
CUST-01043,BOOK-01043,Amelia Hansen,Germany,2025-07-23,2025-10-07,2025-10-14,7,Shoulder,Standard View Room,SV-16,Slope view,French balcony,French balcony or balcony,120,2,1,Expedia,Invoice,Completed,840
CUST-01044,BOOK-01044,Elsa Salminen,United Kingdom,2025-05-06,2025-06-13,2025-06-20,7,Summer,Standard Room,SR-28,Slope view,Balcony,French balcony or balcony,95,1,1,Travel agency,Credit card,No-show,0
CUST-01045,BOOK-01045,Ella Laine,Denmark,2025-10-18,2026-04-13,2026-04-18,5,Winter,Superior Room,SU-05,Slope view,French balcony,French balcony or balcony,140,1,0,Direct website,Invoice,Completed,700
CUST-01046,BOOK-01046,Felix Brown,Norway,2026-03-11,2026-03-18,2026-03-20,2,Winter,Standard Room,SR-21,Slope view,Balcony,French balcony or balcony,100,4,1,Expedia,Invoice,Completed,200
CUST-01047,BOOK-01047,Linnea Rantanen,United States,2025-09-15,2026-01-17,2026-01-24,7,Winter,Standard Room,SR-27,Slope view,French balcony,French balcony or balcony,100,2,2,Booking.com,Debit card,No-show,0
CUST-01048,BOOK-01048,Emma Rantanen,Finland,2025-07-05,2025-10-25,2025-10-30,5,Shoulder,Standard Room,SR-21,Slope view,Balcony,French balcony or balcony,100,2,0,Phone,Debit card,Completed,500
CUST-01049,BOOK-01049,Alexander Novak,Poland,2025-08-26,2025-12-23,2025-12-25,2,Winter,Superior Room,SU-18,Slope view,Balcony,French balcony or balcony,140,2,0,Expedia,Online payment,Cancelled,0
CUST-01050,BOOK-01050,Matti Järvinen,France,2025-06-20,2025-11-14,2025-11-19,5,Winter,Standard Room,SR-06,Slope view,French balcony,French balcony or balcony,100,4,1,Corporate,Online payment,Completed,500
CUST-01051,BOOK-01051,Daniel Järvinen,Austria,2025-12-17,2026-01-24,2026-01-28,4,Winter,Superior Family Room,SF-04,Forest view,Balcony,French balcony or balcony,170,2,1,Expedia,Invoice,Completed,680
CUST-01052,BOOK-01052,Olivia Kowalski,Poland,2025-05-10,2025-06-27,2025-06-29,2,Summer,Standard Room,SR-30,Slope view,Balcony,French balcony or balcony,95,1,0,Corporate,Debit card,Completed,190
CUST-01053,BOOK-01053,Amelia Miller,France,2025-09-08,2025-10-18,2025-10-28,10,Shoulder,Superior Room,SU-04,Forest view,Balcony,French balcony or balcony,140,2,0,Phone,Debit card,Completed,1400
CUST-01054,BOOK-01054,Ella Dubois,Denmark,2026-01-18,2026-02-05,2026-02-08,3,Winter,Sky Suite,SS-02,Forest view,French balcony,Igloo; bathtub; sauna; French balcony or balcony,298,1,2,Direct website,Online payment,No-show,0
CUST-01055,BOOK-01055,Lucas Salminen,Norway,2025-04-14,2025-07-17,2025-07-20,3,Summer,Deluxe Room,DR-01,Slope view,Balcony,Bathtub and sauna; French balcony or balcony,200,2,1,Travel agency,Online payment,Completed,600
CUST-01056,BOOK-01056,Noah Heikkinen,Poland,2025-07-28,2025-08-29,2025-09-01,3,Summer,Standard Room,SR-10,Forest view,Balcony,French balcony or balcony,95,2,0,Travel agency,Online payment,Completed,285
CUST-01057,BOOK-01057,Theo Mäkinen,Sweden,2026-04-14,2026-05-20,2026-05-26,6,Shoulder,Standard Room,SR-29,Forest view,Balcony,French balcony or balcony,100,2,0,Direct website,Online payment,Completed,600
CUST-01058,BOOK-01058,Julia Petrov,Belgium,2025-10-16,2026-01-12,2026-01-16,4,Winter,Standard Room,SR-06,Slope view,French balcony,French balcony or balcony,100,4,0,Booking.com,Online payment,Completed,400
CUST-01059,BOOK-01059,Anna Salminen,Norway,2026-02-10,2026-05-13,2026-05-16,3,Shoulder,Standard Room,SR-46,Slope view,Balcony,French balcony or balcony,100,1,2,Travel agency,Debit card,Completed,300
CUST-01060,BOOK-01060,Elias Karlsson,Estonia,2025-10-21,2025-12-04,2025-12-10,6,Winter,Standard Room,SR-18,Slope view,French balcony,French balcony or balcony,100,3,1,Expedia,Invoice,No-show,0
CUST-01061,BOOK-01061,Oliver Koskinen,Sweden,2025-12-04,2026-01-08,2026-01-11,3,Winter,Standard Room,SR-42,Forest view,French balcony,French balcony or balcony,100,3,0,Travel agency,Debit card,Cancelled,0
CUST-01062,BOOK-01062,Olivia Koskinen,Belgium,2025-09-16,2026-01-27,2026-01-30,3,Winter,Standard Room,SR-09,Forest view,Balcony,French balcony or balcony,100,2,0,Expedia,Online payment,Completed,300
CUST-01063,BOOK-01063,Oliver Santos,Estonia,2025-10-29,2026-03-10,2026-03-12,2,Winter,Standard Room,SR-42,Forest view,French balcony,French balcony or balcony,100,1,0,Direct website,Debit card,Cancelled,0
CUST-01064,BOOK-01064,Oliver Schmidt,Norway,2025-07-05,2025-07-09,2025-07-11,2,Summer,Standard Room,SR-44,Forest view,French balcony,French balcony or balcony,95,3,0,Corporate,Credit card,Completed,190
CUST-01065,BOOK-01065,Sofia Wilson,Denmark,2025-08-03,2025-08-19,2025-08-23,4,Summer,Deluxe Sky Suite,DS-03,Forest view,French balcony,Igloo; bathtub; sauna; French balcony or balcony,324,2,1,Direct website,Debit card,Completed,1296
CUST-01066,BOOK-01066,Lucas Virtanen,Norway,2025-04-07,2025-07-17,2025-07-22,5,Summer,Standard Room,SR-17,Forest view,Balcony,French balcony or balcony,95,2,0,Booking.com,Invoice,Completed,475
CUST-01067,BOOK-01067,Leo Johansson,United Kingdom,2025-11-26,2026-04-06,2026-04-11,5,Winter,Standard View Room,SV-30,Slope view,French balcony,French balcony or balcony,120,1,3,Expedia,Debit card,No-show,0
CUST-01068,BOOK-01068,Ava Heikkinen,Estonia,2026-01-04,2026-03-05,2026-03-09,4,Winter,Standard Room,SR-45,Forest view,French balcony,French balcony or balcony,100,2,1,Expedia,Invoice,Completed,400
CUST-01069,BOOK-01069,Matti Smith,Finland,2025-08-30,2026-02-15,2026-02-20,5,Winter,Standard Room,SR-11,Slope view,Balcony,French balcony or balcony,100,2,0,Direct website,Credit card,Completed,500
CUST-01070,BOOK-01070,Oliver Dubois,United States,2026-02-03,2026-02-08,2026-02-11,3,Winter,Superior Room,SU-15,Forest view,French balcony,French balcony or balcony,140,2,1,Expedia,Credit card,Cancelled,0
CUST-01071,BOOK-01071,Hugo Rantanen,Canada,2025-12-31,2026-03-19,2026-03-22,3,Winter,Superior Family Room,SF-08,Forest view,Balcony,French balcony or balcony,170,2,3,Booking.com,Debit card,Completed,510
CUST-01072,BOOK-01072,Alma Koskinen,Austria,2025-11-28,2026-03-28,2026-03-30,2,Winter,Superior Room,SU-02,Slope view,Balcony,French balcony or balcony,140,2,0,Travel agency,Invoice,Cancelled,0
CUST-01073,BOOK-01073,Amelia Rantanen,Finland,2025-02-20,2025-06-13,2025-06-20,7,Summer,Superior Family Room,SF-07,Slope view,French balcony,French balcony or balcony,170,2,2,Booking.com,Credit card,Completed,1190
CUST-01074,BOOK-01074,Elias Karlsson,Austria,2025-04-28,2025-06-09,2025-06-12,3,Summer,Standard Room,SR-04,Forest view,Balcony,French balcony or balcony,95,3,2,Expedia,Debit card,Completed,285
CUST-01075,BOOK-01075,Emma Karlsson,Sweden,2025-06-06,2025-09-06,2025-09-10,4,Shoulder,Superior Room,SU-13,Forest view,French balcony,French balcony or balcony,140,1,0,Travel agency,Online payment,Cancelled,0
CUST-01076,BOOK-01076,Alexander Karlsson,Finland,2025-05-24,2025-08-12,2025-08-15,3,Summer,Sky Suite,SS-01,Slope view,French balcony,Igloo; bathtub; sauna; French balcony or balcony,298,2,0,Corporate,Invoice,Completed,894
CUST-01077,BOOK-01077,Samuel Santos,Germany,2026-01-04,2026-04-10,2026-04-12,2,Winter,Standard Room,SR-42,Forest view,Balcony,French balcony or balcony,100,1,0,Travel agency,Debit card,Completed,200
CUST-01078,BOOK-01078,Hugo Santos,Italy,2025-04-25,2025-09-16,2025-09-23,7,Shoulder,Superior Room,SU-13,Forest view,Balcony,French balcony or balcony,140,2,0,Booking.com,Debit card,Completed,980
CUST-01079,BOOK-01079,Laura Wilson,Netherlands,2025-09-08,2025-11-12,2025-11-18,6,Winter,Standard View Room,SV-04,Forest view,Balcony,French balcony or balcony,120,2,2,Expedia,Credit card,Completed,720
CUST-01080,BOOK-01080,Julia Johansson,Italy,2025-11-25,2025-12-14,2025-12-19,5,Winter,Superior Room,SU-12,Slope view,Balcony,French balcony or balcony,140,2,0,Expedia,Debit card,No-show,0
CUST-01081,BOOK-01081,Aino Koskinen,Belgium,2025-06-27,2025-12-04,2025-12-10,6,Winter,Standard Room,SR-04,Forest view,Balcony,French balcony or balcony,100,2,1,Expedia,Invoice,Completed,600
CUST-01082,BOOK-01082,Eetu Salminen,Sweden,2025-09-18,2025-11-08,2025-11-12,4,Winter,Standard View Room,SV-13,Forest view,Balcony,French balcony or balcony,120,2,0,Phone,Credit card,Completed,480
CUST-01083,BOOK-01083,Alexander Nieminen,Belgium,2025-07-02,2025-10-31,2025-11-03,3,Shoulder,Standard Room,SR-06,Slope view,French balcony,French balcony or balcony,100,2,0,Booking.com,Invoice,Completed,300
CUST-01084,BOOK-01084,Alma Salminen,United Kingdom,2025-06-09,2025-11-08,2025-11-10,2,Winter,Standard Room,SR-30,Slope view,French balcony,French balcony or balcony,100,2,0,Direct website,Online payment,Completed,200
CUST-01085,BOOK-01085,Elina Korhonen,Poland,2025-09-24,2026-03-10,2026-03-14,4,Winter,Standard Room,SR-24,Slope view,Balcony,French balcony or balcony,100,2,0,Direct website,Online payment,Cancelled,0
CUST-01086,BOOK-01086,Leo Bianchi,Germany,2025-07-07,2025-11-13,2025-11-17,4,Winter,Standard View Room,SV-22,Slope view,French balcony,French balcony or balcony,120,4,0,Direct website,Debit card,No-show,0
CUST-01087,BOOK-01087,Oliver Andersen,Estonia,2025-09-10,2025-09-29,2025-10-01,2,Shoulder,Standard View Room,SV-37,Forest view,Balcony,French balcony or balcony,120,2,0,Travel agency,Invoice,Completed,240
CUST-01088,BOOK-01088,Theo Heikkinen,Denmark,2026-03-15,2026-05-22,2026-05-24,2,Shoulder,Superior Family Room,SF-02,Forest view,French balcony,French balcony or balcony,170,2,1,Corporate,Credit card,Completed,340
CUST-01089,BOOK-01089,Ella Lehtonen,Netherlands,2025-05-17,2025-06-27,2025-07-02,5,Summer,Superior Room,SU-06,Slope view,French balcony,French balcony or balcony,140,2,0,Phone,Invoice,Completed,700
CUST-01090,BOOK-01090,Elina Nieminen,Sweden,2025-04-18,2025-06-10,2025-06-14,4,Summer,Standard Room,SR-37,Forest view,French balcony,French balcony or balcony,95,2,0,Direct website,Online payment,Cancelled,0
CUST-01091,BOOK-01091,Amelia Järvinen,Germany,2025-02-23,2025-07-12,2025-07-16,4,Summer,Standard View Room,SV-29,Slope view,French balcony,French balcony or balcony,120,4,1,Expedia,Online payment,Completed,480
CUST-01092,BOOK-01092,Linnea Koskinen,France,2025-12-17,2026-03-12,2026-03-15,3,Winter,Standard View Room,SV-08,Forest view,Balcony,French balcony or balcony,120,2,1,Travel agency,Credit card,Completed,360
CUST-01093,BOOK-01093,Lucas Heikkinen,Denmark,2026-01-03,2026-01-15,2026-01-19,4,Winter,Superior Room,SU-09,Forest view,Balcony,French balcony or balcony,140,3,1,Booking.com,Debit card,Cancelled,0
CUST-01094,BOOK-01094,Laura Müller,Spain,2025-12-15,2026-03-19,2026-03-24,5,Winter,Standard Room,SR-22,Slope view,Balcony,French balcony or balcony,100,1,1,Corporate,Online payment,Completed,500
CUST-01095,BOOK-01095,Mikael Järvinen,Canada,2025-06-11,2025-09-20,2025-09-24,4,Shoulder,Standard Room,SR-46,Slope view,Balcony,French balcony or balcony,100,2,0,Booking.com,Invoice,Completed,400
CUST-01096,BOOK-01096,Emilia Wilson,Denmark,2026-01-30,2026-02-01,2026-02-05,4,Winter,Standard Room,SR-26,Forest view,French balcony,French balcony or balcony,100,2,2,Expedia,Credit card,Completed,400
CUST-01097,BOOK-01097,Leo Rantanen,France,2025-05-20,2025-11-03,2025-11-07,4,Winter,Superior Room,SU-03,Forest view,French balcony,French balcony or balcony,140,4,1,Expedia,Credit card,Completed,560
CUST-01098,BOOK-01098,Eetu Salminen,Germany,2025-08-14,2025-10-22,2025-10-25,3,Shoulder,Standard Room,SR-03,Forest view,Balcony,French balcony or balcony,100,4,2,Booking.com,Credit card,Completed,300
CUST-01099,BOOK-01099,Liam Korhonen,Denmark,2026-03-29,2026-04-22,2026-04-27,5,Winter,Superior Room,SU-14,Slope view,French balcony,French balcony or balcony,140,2,2,Phone,Online payment,Cancelled,0
CUST-01100,BOOK-01100,Lucas Nieminen,Austria,2025-04-25,2025-10-17,2025-10-18,1,Shoulder,Standard View Room,SV-24,Slope view,Balcony,French balcony or balcony,120,1,0,Travel agency,Invoice,Completed,120
CUST-01101,BOOK-01101,Oskari Rossi,Spain,2025-04-27,2025-08-29,2025-09-08,10,Summer,Standard View Room,SV-30,Slope view,French balcony,French balcony or balcony,120,3,0,Expedia,Debit card,Completed,1200
CUST-01102,BOOK-01102,Felix Müller,Poland,2025-05-07,2025-09-29,2025-10-04,5,Shoulder,Superior Family Room,SF-04,Forest view,Balcony,French balcony or balcony,170,3,1,Phone,Credit card,Completed,850
CUST-01103,BOOK-01103,Oscar Heikkinen,Belgium,2025-05-08,2025-10-25,2025-10-28,3,Shoulder,Standard View Room,SV-12,Slope view,Balcony,French balcony or balcony,120,3,0,Expedia,Online payment,Cancelled,0
CUST-01104,BOOK-01104,Sara Laine,Canada,2025-07-05,2025-12-26,2025-12-28,2,Winter,Standard View Room,SV-13,Forest view,Balcony,French balcony or balcony,120,2,0,Corporate,Online payment,Completed,240
CUST-01105,BOOK-01105,Oscar Schmidt,United Kingdom,2025-07-29,2025-08-10,2025-08-13,3,Summer,Standard View Room,SV-28,Slope view,Balcony,French balcony or balcony,120,2,2,Phone,Debit card,Cancelled,0
CUST-01106,BOOK-01106,Felix Laine,France,2025-10-06,2026-04-03,2026-04-06,3,Winter,Superior Room,SU-13,Forest view,Balcony,French balcony or balcony,140,2,0,Direct website,Credit card,Completed,420
CUST-01107,BOOK-01107,Emma Bianchi,Netherlands,2025-08-29,2026-02-22,2026-02-24,2,Winter,Standard Room,SR-26,Forest view,Balcony,French balcony or balcony,100,2,0,Expedia,Invoice,No-show,0
CUST-01108,BOOK-01108,Alexander Rossi,Denmark,2025-12-26,2026-02-23,2026-02-28,5,Winter,Standard View Room,SV-36,Forest view,Balcony,French balcony or balcony,120,2,1,Booking.com,Credit card,Completed,600
CUST-01109,BOOK-01109,Daniel Lehtonen,Austria,2025-11-27,2026-02-14,2026-02-20,6,Winter,Standard View Room,SV-15,Forest view,French balcony,French balcony or balcony,120,2,0,Booking.com,Credit card,Completed,720
CUST-01110,BOOK-01110,Emilia Saarinen,United States,2025-05-08,2025-06-09,2025-06-10,1,Summer,Standard Room,SR-03,Forest view,Balcony,French balcony or balcony,95,4,1,Direct website,Online payment,Completed,95
CUST-01111,BOOK-01111,Laura Kowalski,Canada,2025-06-12,2025-11-23,2025-11-26,3,Winter,Standard Room,SR-02,Slope view,French balcony,French balcony or balcony,100,3,3,Travel agency,Online payment,No-show,0
CUST-01112,BOOK-01112,Oscar Silva,Denmark,2025-08-09,2025-11-27,2025-11-28,1,Winter,Superior Room,SU-08,Slope view,Balcony,French balcony or balcony,140,4,1,Direct website,Invoice,Cancelled,0
CUST-01113,BOOK-01113,Linnea Brown,Norway,2025-05-28,2025-06-20,2025-06-30,10,Summer,Superior Family Room,SF-04,Forest view,French balcony,French balcony or balcony,170,3,1,Direct website,Invoice,Cancelled,0
CUST-01114,BOOK-01114,Anna Salminen,United States,2025-10-16,2025-12-12,2025-12-17,5,Winter,Standard Room,SR-16,Slope view,Balcony,French balcony or balcony,100,2,1,Corporate,Credit card,Completed,500
CUST-01115,BOOK-01115,Felix Hansen,Sweden,2025-12-11,2026-02-15,2026-02-19,4,Winter,Standard View Room,SV-30,Slope view,French balcony,French balcony or balcony,120,3,0,Travel agency,Online payment,Completed,480
CUST-01116,BOOK-01116,Noah Petrov,Norway,2025-07-02,2025-08-23,2025-08-24,1,Summer,Superior Room,SU-13,Forest view,Balcony,French balcony or balcony,140,2,0,Phone,Debit card,Completed,140
CUST-01117,BOOK-01117,Julia Lehtonen,United States,2025-11-09,2025-12-10,2025-12-11,1,Winter,Standard Room,SR-12,Slope view,French balcony,French balcony or balcony,100,2,0,Corporate,Credit card,No-show,0
CUST-01118,BOOK-01118,Elsa Novak,Belgium,2025-07-31,2026-01-11,2026-01-15,4,Winter,Superior Family Room,SF-08,Forest view,French balcony,French balcony or balcony,170,2,0,Travel agency,Invoice,Completed,680
CUST-01119,BOOK-01119,Hugo Hansen,Netherlands,2025-05-29,2025-07-05,2025-07-07,2,Summer,Standard Room,SR-41,Slope view,French balcony,French balcony or balcony,95,1,0,Booking.com,Debit card,Completed,190
CUST-01120,BOOK-01120,Hugo Nieminen,United Kingdom,2025-08-17,2026-01-15,2026-01-20,5,Winter,Standard View Room,SV-04,Forest view,Balcony,French balcony or balcony,120,2,0,Booking.com,Debit card,Completed,600
CUST-01121,BOOK-01121,Leo Smith,Finland,2025-10-02,2025-11-01,2025-11-03,2,Winter,Superior Room,SU-18,Slope view,Balcony,French balcony or balcony,140,2,0,Booking.com,Online payment,Completed,280
CUST-01122,BOOK-01122,Hugo Karlsson,France,2025-09-06,2025-10-03,2025-10-09,6,Shoulder,Superior Family Room,SF-03,Forest view,French balcony,French balcony or balcony,170,2,1,Corporate,Credit card,Cancelled,0
CUST-01123,BOOK-01123,Hugo Smith,Norway,2025-03-21,2025-08-14,2025-08-19,5,Summer,Deluxe Room,DR-03,Forest view,French balcony,Bathtub and sauna; French balcony or balcony,200,2,1,Phone,Online payment,Completed,1000
CUST-01124,BOOK-01124,Ella Schmidt,Estonia,2025-06-13,2025-09-24,2025-09-30,6,Shoulder,Standard View Room,SV-37,Forest view,French balcony,French balcony or balcony,120,2,1,Expedia,Invoice,Cancelled,0
CUST-01125,BOOK-01125,Hugo Wilson,Poland,2025-08-03,2026-01-17,2026-01-21,4,Winter,Deluxe Room,DR-04,Forest view,French balcony,Bathtub and sauna; French balcony or balcony,200,2,0,Travel agency,Credit card,Completed,800
CUST-01126,BOOK-01126,Noah Silva,Sweden,2025-10-04,2026-01-08,2026-01-12,4,Winter,Standard View Room,SV-23,Forest view,Balcony,French balcony or balcony,120,2,0,Expedia,Online payment,Completed,480
CUST-01127,BOOK-01127,Adam Karlsson,Austria,2025-09-05,2026-03-02,2026-03-06,4,Winter,Sky Suite,SS-01,Slope view,French balcony,Igloo; bathtub; sauna; French balcony or balcony,298,2,0,Travel agency,Online payment,Cancelled,0
CUST-01128,BOOK-01128,Oskari Schmidt,Spain,2025-09-27,2026-02-28,2026-03-04,4,Winter,Superior Room,SU-16,Forest view,French balcony,French balcony or balcony,140,2,2,Booking.com,Debit card,Completed,560
CUST-01129,BOOK-01129,Alexander Saarinen,Italy,2025-06-24,2025-11-26,2025-12-06,10,Winter,Standard Room,SR-42,Forest view,Balcony,French balcony or balcony,100,3,0,Corporate,Debit card,No-show,0
CUST-01130,BOOK-01130,Elina Koskinen,France,2026-01-19,2026-05-19,2026-05-22,3,Shoulder,Superior Room,SU-09,Forest view,French balcony,French balcony or balcony,140,2,1,Expedia,Debit card,No-show,0
CUST-01131,BOOK-01131,Julia Rantanen,Netherlands,2025-06-04,2025-09-14,2025-09-18,4,Shoulder,Superior Room,SU-15,Forest view,Balcony,French balcony or balcony,140,3,2,Travel agency,Online payment,Completed,560
CUST-01132,BOOK-01132,Elina Hansen,Finland,2025-07-26,2025-08-14,2025-08-17,3,Summer,Standard Room,SR-42,Forest view,French balcony,French balcony or balcony,95,3,0,Travel agency,Invoice,Cancelled,0
CUST-01133,BOOK-01133,Ava Saarinen,Sweden,2025-11-18,2026-03-09,2026-03-13,4,Winter,Standard Room,SR-40,Forest view,Balcony,French balcony or balcony,100,2,0,Travel agency,Online payment,Cancelled,0
CUST-01134,BOOK-01134,Ella Schmidt,Norway,2025-05-20,2025-08-01,2025-08-03,2,Summer,Standard Room,SR-04,Forest view,French balcony,French balcony or balcony,95,2,0,Direct website,Invoice,Completed,190
CUST-01135,BOOK-01135,Eetu Koskinen,Italy,2025-07-01,2025-09-13,2025-09-14,1,Shoulder,Superior Room,SU-20,Slope view,Balcony,French balcony or balcony,140,2,0,Corporate,Online payment,Completed,140
CUST-01136,BOOK-01136,Laura Koskinen,Netherlands,2026-01-24,2026-03-10,2026-03-13,3,Winter,Standard Room,SR-14,Slope view,Balcony,French balcony or balcony,100,2,1,Booking.com,Credit card,No-show,0
CUST-01137,BOOK-01137,Eetu Mäkinen,Netherlands,2025-12-04,2026-03-20,2026-03-25,5,Winter,Deluxe Sky Suite,DS-01,Forest view,French balcony,Igloo; bathtub; sauna; French balcony or balcony,700,2,1,Booking.com,Debit card,Cancelled,0
CUST-01138,BOOK-01138,Laura Schmidt,Austria,2025-06-28,2025-10-22,2025-10-24,2,Shoulder,Standard Room,SR-21,Slope view,French balcony,French balcony or balcony,100,2,1,Travel agency,Invoice,Cancelled,0
CUST-01139,BOOK-01139,Olivia Korhonen,Italy,2025-11-20,2026-01-13,2026-01-15,2,Winter,Deluxe Room,DR-03,Forest view,Balcony,Bathtub and sauna; French balcony or balcony,200,2,2,Expedia,Online payment,No-show,0
CUST-01140,BOOK-01140,Lucas Rantanen,Germany,2025-05-21,2025-06-11,2025-06-15,4,Summer,Superior Room,SU-06,Slope view,Balcony,French balcony or balcony,140,2,0,Booking.com,Online payment,Cancelled,0
CUST-01141,BOOK-01141,Olivia Wilson,Canada,2025-11-20,2025-11-28,2025-12-01,3,Winter,Standard Room,SR-06,Slope view,French balcony,French balcony or balcony,100,3,0,Phone,Credit card,Completed,300
CUST-01142,BOOK-01142,Isla Bianchi,United States,2025-08-29,2025-12-17,2025-12-21,4,Winter,Standard View Room,SV-23,Forest view,French balcony,French balcony or balcony,120,2,0,Expedia,Online payment,Cancelled,0
CUST-01143,BOOK-01143,Elsa Wilson,France,2025-10-01,2025-10-12,2025-10-16,4,Shoulder,Standard Room,SR-46,Slope view,Balcony,French balcony or balcony,100,2,1,Direct website,Debit card,No-show,0
CUST-01144,BOOK-01144,Elsa Kowalski,Italy,2025-03-23,2025-07-18,2025-07-22,4,Summer,Standard View Room,SV-18,Slope view,French balcony,French balcony or balcony,120,2,2,Expedia,Debit card,Completed,480
CUST-01145,BOOK-01145,Oliver Wilson,Sweden,2025-05-01,2025-09-26,2025-09-29,3,Shoulder,Standard Room,SR-22,Slope view,French balcony,French balcony or balcony,100,2,0,Travel agency,Debit card,Completed,300
CUST-01146,BOOK-01146,Emilia Silva,Denmark,2025-07-21,2025-09-29,2025-09-30,1,Shoulder,Deluxe Sky Suite,DS-01,Forest view,French balcony,Igloo; bathtub; sauna; French balcony or balcony,500,2,1,Corporate,Online payment,Completed,500
CUST-01147,BOOK-01147,Anna Schmidt,United Kingdom,2025-06-21,2025-08-31,2025-09-02,2,Summer,Sky Suite,SS-02,Forest view,French balcony,Igloo; bathtub; sauna; French balcony or balcony,298,2,2,Travel agency,Debit card,Completed,596
CUST-01148,BOOK-01148,Samuel Miller,Italy,2025-04-27,2025-08-25,2025-08-26,1,Summer,Standard Room,SR-03,Forest view,French balcony,French balcony or balcony,95,2,1,Phone,Debit card,Completed,95
CUST-01149,BOOK-01149,Mila Korhonen,Spain,2025-04-25,2025-08-22,2025-08-27,5,Summer,Superior Family Room,SF-06,Slope view,Balcony,French balcony or balcony,170,3,0,Corporate,Invoice,Cancelled,0
CUST-01150,BOOK-01150,Felix Rossi,Austria,2025-12-20,2026-02-24,2026-02-28,4,Winter,Superior Room,SU-08,Slope view,Balcony,French balcony or balcony,140,2,2,Booking.com,Credit card,Completed,560
CUST-01151,BOOK-01151,Eetu Wilson,Poland,2025-06-07,2025-09-14,2025-09-16,2,Shoulder,Deluxe Sky Suite,DS-01,Forest view,Balcony,Igloo; bathtub; sauna; French balcony or balcony,500,2,0,Travel agency,Debit card,Completed,1000
CUST-01152,BOOK-01152,Theo Schmidt,Germany,2024-12-23,2025-06-09,2025-06-12,3,Summer,Superior Family Room,SF-03,Forest view,Balcony,French balcony or balcony,170,2,0,Booking.com,Invoice,Completed,510
CUST-01153,BOOK-01153,Lucas Johansson,Germany,2025-06-22,2025-10-08,2025-10-12,4,Shoulder,Standard View Room,SV-17,Slope view,French balcony,French balcony or balcony,120,2,0,Phone,Credit card,Completed,480
CUST-01154,BOOK-01154,Isla Nieminen,Spain,2025-07-30,2025-10-30,2025-11-02,3,Shoulder,Standard View Room,SV-23,Forest view,Balcony,French balcony or balcony,120,1,3,Travel agency,Credit card,Cancelled,0
CUST-01155,BOOK-01155,Aino Mäkinen,Germany,2025-07-06,2025-11-28,2025-12-01,3,Winter,Standard Room,SR-31,Forest view,Balcony,French balcony or balcony,100,1,0,Phone,Online payment,Completed,300
CUST-01156,BOOK-01156,Iida Wilson,Estonia,2025-03-31,2025-06-13,2025-06-17,4,Summer,Standard Room,SR-18,Slope view,Balcony,French balcony or balcony,95,1,0,Direct website,Invoice,Cancelled,0
CUST-01157,BOOK-01157,Felix Smith,Norway,2025-12-26,2026-02-05,2026-02-09,4,Winter,Standard View Room,SV-30,Slope view,Balcony,French balcony or balcony,120,2,1,Phone,Online payment,No-show,0
CUST-01158,BOOK-01158,Olivia Saarinen,Austria,2025-06-16,2025-08-13,2025-08-15,2,Summer,Sky Suite,SS-01,Slope view,French balcony,Igloo; bathtub; sauna; French balcony or balcony,298,1,0,Booking.com,Debit card,No-show,0
CUST-01159,BOOK-01159,Isla Brown,Italy,2025-11-07,2026-01-01,2026-01-05,4,Winter,Standard View Room,SV-39,Forest view,French balcony,French balcony or balcony,120,4,0,Direct website,Online payment,Completed,480
CUST-01160,BOOK-01160,Julia Mäkinen,Norway,2025-08-14,2026-02-03,2026-02-09,6,Winter,Standard Room,SR-46,Slope view,Balcony,French balcony or balcony,100,3,0,Phone,Online payment,Completed,600
CUST-01161,BOOK-01161,Mikael Martin,Estonia,2025-09-13,2026-01-27,2026-02-06,10,Winter,Standard Room,SR-05,Slope view,French balcony,French balcony or balcony,100,3,1,Corporate,Online payment,No-show,0
CUST-01162,BOOK-01162,Isla Karlsson,Italy,2026-01-05,2026-04-01,2026-04-07,6,Winter,Standard Room,SR-37,Forest view,Balcony,French balcony or balcony,100,2,1,Travel agency,Credit card,Completed,600
CUST-01163,BOOK-01163,Elina Lehtonen,Netherlands,2026-01-24,2026-03-30,2026-04-02,3,Winter,Deluxe Room,DR-03,Forest view,Balcony,Bathtub and sauna; French balcony or balcony,200,4,2,Phone,Online payment,Completed,600
CUST-01164,BOOK-01164,Oliver Lehtonen,United Kingdom,2025-07-21,2025-12-29,2026-01-03,5,Winter,Standard View Room,SV-34,Forest view,Balcony,French balcony or balcony,120,4,1,Expedia,Credit card,Completed,600
CUST-01165,BOOK-01165,Elias Koskinen,Belgium,2025-12-09,2026-01-10,2026-01-13,3,Winter,Standard View Room,SV-04,Forest view,Balcony,French balcony or balcony,120,2,2,Travel agency,Invoice,Cancelled,0
CUST-01166,BOOK-01166,Matti Wilson,United Kingdom,2025-12-31,2026-03-29,2026-04-01,3,Winter,Standard View Room,SV-16,Slope view,French balcony,French balcony or balcony,120,2,0,Direct website,Credit card,Completed,360
CUST-01167,BOOK-01167,Isla Karlsson,Norway,2025-01-14,2025-07-13,2025-07-15,2,Summer,Superior Room,SU-03,Forest view,French balcony,French balcony or balcony,140,4,0,Booking.com,Credit card,No-show,0
CUST-01168,BOOK-01168,Felix Nieminen,Sweden,2025-06-25,2025-08-08,2025-08-11,3,Summer,Deluxe Room,DR-04,Forest view,Balcony,Bathtub and sauna; French balcony or balcony,200,2,0,Corporate,Credit card,Completed,600
CUST-01169,BOOK-01169,Amelia Müller,Canada,2025-05-23,2025-06-21,2025-06-25,4,Summer,Superior Family Room,SF-01,Slope view,Balcony,French balcony or balcony,170,2,1,Corporate,Credit card,Completed,680
CUST-01170,BOOK-01170,Emma Martin,Denmark,2025-12-02,2026-04-10,2026-04-13,3,Winter,Standard Room,SR-21,Slope view,French balcony,French balcony or balcony,100,3,0,Expedia,Debit card,Completed,300
CUST-01171,BOOK-01171,Daniel Salminen,Austria,2026-02-02,2026-05-22,2026-05-26,4,Shoulder,Standard View Room,SV-26,Slope view,French balcony,French balcony or balcony,120,3,1,Phone,Online payment,No-show,0
CUST-01172,BOOK-01172,Oliver Virtanen,Denmark,2025-08-08,2025-09-16,2025-09-19,3,Shoulder,Standard Room,SR-15,Slope view,French balcony,French balcony or balcony,100,4,0,Phone,Credit card,Completed,300
CUST-01173,BOOK-01173,Hugo Andersen,Poland,2025-09-20,2025-10-23,2025-10-29,6,Shoulder,Superior Room,SU-01,Slope view,Balcony,French balcony or balcony,140,4,0,Travel agency,Credit card,Completed,840
CUST-01174,BOOK-01174,Ella Müller,Italy,2025-08-25,2025-12-04,2025-12-06,2,Winter,Standard Room,SR-38,Slope view,French balcony,French balcony or balcony,100,3,0,Travel agency,Online payment,Completed,200
CUST-01175,BOOK-01175,Anna Petrov,United Kingdom,2026-01-14,2026-01-17,2026-01-19,2,Winter,Standard Room,SR-08,Forest view,French balcony,French balcony or balcony,100,4,0,Travel agency,Online payment,Cancelled,0
CUST-01176,BOOK-01176,Julia Petrov,Italy,2025-06-23,2025-08-15,2025-08-16,1,Summer,Standard Room,SR-38,Slope view,French balcony,French balcony or balcony,95,2,1,Phone,Online payment,No-show,0
CUST-01177,BOOK-01177,Hugo Silva,France,2025-09-28,2025-11-23,2025-11-29,6,Winter,Standard View Room,SV-09,Slope view,French balcony,French balcony or balcony,120,2,1,Phone,Online payment,Completed,720
CUST-01178,BOOK-01178,Ava Andersen,Sweden,2025-11-01,2026-02-27,2026-03-02,3,Winter,Standard View Room,SV-29,Slope view,Balcony,French balcony or balcony,120,2,1,Direct website,Online payment,No-show,0
CUST-01179,BOOK-01179,Hugo Müller,Poland,2025-07-21,2025-11-18,2025-11-19,1,Winter,Standard View Room,SV-36,Forest view,French balcony,French balcony or balcony,120,4,1,Booking.com,Invoice,Completed,120
CUST-01180,BOOK-01180,Laura Saarinen,Austria,2025-08-06,2025-10-14,2025-10-17,3,Shoulder,Superior Room,SU-02,Slope view,French balcony,French balcony or balcony,140,2,0,Travel agency,Debit card,Completed,420
CUST-01181,BOOK-01181,Oscar Müller,Poland,2025-12-15,2025-12-21,2025-12-22,1,Winter,Standard Room,SR-11,Slope view,Balcony,French balcony or balcony,100,3,1,Travel agency,Debit card,Completed,100
CUST-01182,BOOK-01182,Olivia Brown,Estonia,2026-01-13,2026-03-01,2026-03-06,5,Winter,Standard Room,SR-20,Forest view,French balcony,French balcony or balcony,100,1,0,Expedia,Debit card,Completed,500
CUST-01183,BOOK-01183,Emma Dubois,Spain,2025-08-12,2026-02-01,2026-02-02,1,Winter,Standard Room,SR-29,Forest view,Balcony,French balcony or balcony,100,2,2,Booking.com,Debit card,Completed,100
CUST-01184,BOOK-01184,Elina Martin,Norway,2025-11-12,2025-12-03,2025-12-05,2,Winter,Sky Suite,SS-01,Slope view,French balcony,Igloo; bathtub; sauna; French balcony or balcony,298,3,2,Direct website,Debit card,No-show,0
CUST-01185,BOOK-01185,Liam Mäkinen,United States,2025-04-07,2025-07-04,2025-07-10,6,Summer,Superior Family Room,SF-02,Forest view,French balcony,French balcony or balcony,170,2,1,Corporate,Invoice,Completed,1020
CUST-01186,BOOK-01186,Iida Santos,Norway,2025-11-17,2026-02-17,2026-02-19,2,Winter,Superior Room,SU-07,Forest view,French balcony,French balcony or balcony,140,2,0,Expedia,Credit card,Completed,280
CUST-01187,BOOK-01187,Emma Laine,Estonia,2026-03-02,2026-04-14,2026-04-20,6,Winter,Superior Family Room,SF-03,Forest view,French balcony,French balcony or balcony,170,2,2,Phone,Online payment,Completed,1020
CUST-01188,BOOK-01188,Sofia Santos,Austria,2025-04-21,2025-06-16,2025-06-19,3,Summer,Standard View Room,SV-23,Forest view,French balcony,French balcony or balcony,120,2,1,Corporate,Credit card,Cancelled,0
CUST-01189,BOOK-01189,Elina Silva,United States,2025-06-16,2025-09-25,2025-10-01,6,Shoulder,Sky Suite,SS-01,Slope view,Balcony,Igloo; bathtub; sauna; French balcony or balcony,298,3,0,Direct website,Credit card,Cancelled,0
CUST-01190,BOOK-01190,Mikael Andersen,Finland,2025-10-28,2026-01-18,2026-01-20,2,Winter,Standard View Room,SV-14,Slope view,Balcony,French balcony or balcony,120,2,1,Corporate,Credit card,Completed,240
CUST-01191,BOOK-01191,Eetu Wilson,Sweden,2025-10-17,2026-03-31,2026-04-02,2,Winter,Standard View Room,SV-27,Forest view,Balcony,French balcony or balcony,120,2,0,Travel agency,Online payment,Completed,240
CUST-01192,BOOK-01192,Linnea Müller,Austria,2025-05-10,2025-06-20,2025-06-26,6,Summer,Standard Room,SR-07,Slope view,Balcony,French balcony or balcony,95,2,0,Direct website,Online payment,Completed,570
CUST-01193,BOOK-01193,Elias Salminen,Estonia,2025-05-21,2025-07-09,2025-07-13,4,Summer,Superior Room,SU-01,Slope view,French balcony,French balcony or balcony,140,3,2,Corporate,Credit card,Completed,560
CUST-01194,BOOK-01194,Anna Novak,Denmark,2025-10-16,2025-12-03,2025-12-05,2,Winter,Deluxe Sky Suite,DS-03,Forest view,French balcony,Igloo; bathtub; sauna; French balcony or balcony,700,2,0,Direct website,Online payment,Completed,1400
CUST-01195,BOOK-01195,Elina Kowalski,Spain,2025-06-17,2025-11-07,2025-11-13,6,Winter,Standard View Room,SV-36,Forest view,Balcony,French balcony or balcony,120,2,0,Direct website,Online payment,Completed,720
CUST-01196,BOOK-01196,Mila Nieminen,Denmark,2025-08-03,2026-01-02,2026-01-04,2,Winter,Standard Room,SR-26,Forest view,French balcony,French balcony or balcony,100,2,0,Travel agency,Online payment,Completed,200
CUST-01197,BOOK-01197,Matti Nieminen,Estonia,2025-11-10,2025-12-25,2025-12-29,4,Winter,Standard Room,SR-44,Forest view,French balcony,French balcony or balcony,100,3,0,Direct website,Credit card,No-show,0
CUST-01198,BOOK-01198,Matti Andersen,Finland,2025-08-04,2026-01-27,2026-01-30,3,Winter,Superior Room,SU-02,Slope view,Balcony,French balcony or balcony,140,2,1,Booking.com,Invoice,No-show,0
CUST-01199,BOOK-01199,Ava Müller,Spain,2025-12-08,2026-03-08,2026-03-11,3,Winter,Standard View Room,SV-38,Slope view,French balcony,French balcony or balcony,120,2,0,Corporate,Online payment,Cancelled,0
CUST-01200,BOOK-01200,Linnea Martin,Canada,2025-10-14,2025-10-16,2025-10-19,3,Shoulder,Deluxe Room,DR-05,Forest view,French balcony,Bathtub and sauna; French balcony or balcony,200,2,0,Expedia,Debit card,Cancelled,0
CUST-01201,BOOK-01201,Mila Rossi,Sweden,2026-01-21,2026-03-23,2026-03-25,2,Winter,Superior Room,SU-09,Forest view,French balcony,French balcony or balcony,140,3,1,Phone,Invoice,Completed,280
CUST-01202,BOOK-01202,Aino Martin,France,2025-07-09,2025-08-08,2025-08-18,10,Summer,Standard Room,SR-29,Forest view,French balcony,French balcony or balcony,95,2,0,Travel agency,Debit card,No-show,0
CUST-01203,BOOK-01203,Anna Andersen,Austria,2025-02-26,2025-08-15,2025-08-20,5,Summer,Superior Family Room,SF-04,Forest view,Balcony,French balcony or balcony,170,2,0,Phone,Debit card,Completed,850
CUST-01204,BOOK-01204,Julia Karlsson,Italy,2025-05-24,2025-09-14,2025-09-17,3,Shoulder,Standard Room,SR-38,Slope view,French balcony,French balcony or balcony,100,2,0,Booking.com,Credit card,Completed,300
CUST-01205,BOOK-01205,Eetu Novak,Spain,2025-05-24,2025-07-01,2025-07-06,5,Summer,Standard View Room,SV-14,Slope view,Balcony,French balcony or balcony,120,2,0,Direct website,Invoice,Cancelled,0
CUST-01206,BOOK-01206,Theo Järvinen,Italy,2025-10-26,2026-02-27,2026-03-01,2,Winter,Standard View Room,SV-23,Forest view,Balcony,French balcony or balcony,120,2,0,Travel agency,Debit card,Completed,240
CUST-01207,BOOK-01207,Elina Smith,Germany,2025-05-10,2025-06-09,2025-06-15,6,Summer,Superior Room,SU-14,Slope view,Balcony,French balcony or balcony,140,3,0,Phone,Credit card,Completed,840
CUST-01208,BOOK-01208,Elias Nieminen,Denmark,2025-08-16,2025-10-18,2025-10-24,6,Shoulder,Standard View Room,SV-24,Slope view,Balcony,French balcony or balcony,120,2,0,Phone,Debit card,Cancelled,0
CUST-01209,BOOK-01209,Anna Silva,Poland,2025-11-22,2026-04-18,2026-04-22,4,Winter,Standard View Room,SV-18,Slope view,Balcony,French balcony or balcony,120,1,0,Direct website,Online payment,Completed,480
CUST-01210,BOOK-01210,Amelia Dubois,Belgium,2025-12-09,2026-01-04,2026-01-07,3,Winter,Superior Family Room,SF-09,Slope view,Balcony,French balcony or balcony,170,2,0,Booking.com,Online payment,Completed,510
CUST-01211,BOOK-01211,Oscar Koskinen,Canada,2025-04-25,2025-06-24,2025-06-30,6,Summer,Standard View Room,SV-08,Forest view,Balcony,French balcony or balcony,120,4,0,Direct website,Credit card,Completed,720
CUST-01212,BOOK-01212,Lucas Johansson,Poland,2025-10-30,2026-03-17,2026-03-24,7,Winter,Standard Room,SR-29,Forest view,French balcony,French balcony or balcony,100,2,3,Corporate,Invoice,Completed,700
CUST-01213,BOOK-01213,Ella Saarinen,Finland,2025-03-10,2025-08-09,2025-08-12,3,Summer,Standard Room,SR-26,Forest view,Balcony,French balcony or balcony,95,2,0,Corporate,Invoice,Completed,285
CUST-01214,BOOK-01214,Oliver Santos,Italy,2025-04-14,2025-09-16,2025-09-18,2,Shoulder,Sky Suite,SS-01,Slope view,French balcony,Igloo; bathtub; sauna; French balcony or balcony,298,1,1,Corporate,Debit card,Completed,596
CUST-01215,BOOK-01215,Lucas Santos,Poland,2026-02-06,2026-05-03,2026-05-08,5,Shoulder,Superior Room,SU-12,Slope view,French balcony,French balcony or balcony,140,2,0,Corporate,Online payment,Cancelled,0
CUST-01216,BOOK-01216,Elina Rossi,United Kingdom,2025-05-24,2025-06-01,2025-06-05,4,Summer,Standard Room,SR-37,Forest view,French balcony,French balcony or balcony,95,4,0,Phone,Online payment,Cancelled,0
CUST-01217,BOOK-01217,Liam Järvinen,France,2025-07-17,2025-09-07,2025-09-09,2,Shoulder,Standard Room,SR-07,Slope view,French balcony,French balcony or balcony,100,2,0,Travel agency,Debit card,Completed,200
CUST-01218,BOOK-01218,Samuel Martin,Spain,2025-10-18,2026-04-13,2026-04-15,2,Winter,Standard Room,SR-28,Slope view,Balcony,French balcony or balcony,100,2,0,Booking.com,Invoice,Completed,200
CUST-01219,BOOK-01219,Alexander Mäkinen,Norway,2025-10-30,2025-12-11,2025-12-12,1,Winter,Standard View Room,SV-17,Slope view,French balcony,French balcony or balcony,120,1,0,Travel agency,Debit card,Completed,120
CUST-01220,BOOK-01220,Laura Novak,Estonia,2025-04-30,2025-08-25,2025-08-28,3,Summer,Standard View Room,SV-04,Forest view,French balcony,French balcony or balcony,120,3,0,Phone,Debit card,No-show,0
CUST-01221,BOOK-01221,Oskari Koskinen,Italy,2025-08-12,2026-01-16,2026-01-20,4,Winter,Superior Room,SU-20,Slope view,French balcony,French balcony or balcony,140,4,1,Direct website,Debit card,Cancelled,0
CUST-01222,BOOK-01222,Laura Mäkinen,Germany,2025-12-10,2025-12-25,2025-12-28,3,Winter,Superior Family Room,SF-02,Forest view,French balcony,French balcony or balcony,170,3,0,Direct website,Invoice,Completed,510
CUST-01223,BOOK-01223,Leo Smith,United Kingdom,2025-08-03,2025-12-20,2025-12-27,7,Winter,Standard View Room,SV-17,Slope view,French balcony,French balcony or balcony,120,3,0,Direct website,Credit card,Completed,840
CUST-01224,BOOK-01224,Oliver Saarinen,Italy,2025-07-07,2025-10-02,2025-10-06,4,Shoulder,Standard Room,SR-15,Slope view,French balcony,French balcony or balcony,100,3,0,Travel agency,Debit card,No-show,0
CUST-01225,BOOK-01225,Elsa Laine,United States,2025-07-22,2025-08-11,2025-08-17,6,Summer,Standard Room,SR-28,Slope view,Balcony,French balcony or balcony,95,3,0,Phone,Online payment,Completed,570
CUST-01226,BOOK-01226,Elias Virtanen,Finland,2026-01-14,2026-01-22,2026-01-24,2,Winter,Standard Room,SR-02,Slope view,French balcony,French balcony or balcony,100,3,1,Direct website,Online payment,Completed,200
CUST-01227,BOOK-01227,Oliver Rossi,France,2025-04-21,2025-08-24,2025-08-29,5,Summer,Superior Family Room,SF-05,Forest view,French balcony,French balcony or balcony,170,2,2,Phone,Online payment,Completed,850
CUST-01228,BOOK-01228,Noah Rantanen,Estonia,2025-03-23,2025-06-30,2025-07-06,6,Summer,Superior Room,SU-17,Slope view,French balcony,French balcony or balcony,140,3,0,Expedia,Online payment,Completed,840
CUST-01229,BOOK-01229,Felix Brown,Canada,2025-07-29,2025-10-12,2025-10-14,2,Shoulder,Standard View Room,SV-37,Forest view,Balcony,French balcony or balcony,120,2,1,Booking.com,Debit card,No-show,0
CUST-01230,BOOK-01230,Hugo Virtanen,Poland,2025-06-27,2025-10-26,2025-10-30,4,Shoulder,Superior Family Room,SF-07,Slope view,French balcony,French balcony or balcony,170,1,0,Phone,Online payment,Cancelled,0
CUST-01231,BOOK-01231,Elsa Saarinen,Germany,2025-06-21,2025-10-04,2025-10-07,3,Shoulder,Superior Room,SU-16,Forest view,Balcony,French balcony or balcony,140,2,0,Booking.com,Online payment,Completed,420
CUST-01232,BOOK-01232,Samuel Salminen,United Kingdom,2025-09-21,2026-02-17,2026-02-20,3,Winter,Standard Room,SR-01,Slope view,Balcony,French balcony or balcony,100,3,0,Direct website,Invoice,Completed,300
CUST-01233,BOOK-01233,Elina Johansson,Belgium,2025-06-22,2025-06-28,2025-07-01,3,Summer,Standard Room,SR-02,Slope view,French balcony,French balcony or balcony,95,2,0,Direct website,Credit card,No-show,0
CUST-01234,BOOK-01234,Elsa Bianchi,Finland,2025-10-11,2025-12-18,2025-12-21,3,Winter,Standard View Room,SV-32,Forest view,Balcony,French balcony or balcony,120,4,1,Corporate,Invoice,No-show,0
CUST-01235,BOOK-01235,Ava Smith,Norway,2025-10-30,2026-02-11,2026-02-18,7,Winter,Standard Room,SR-34,Slope view,Balcony,French balcony or balcony,100,2,1,Booking.com,Invoice,Cancelled,0
CUST-01236,BOOK-01236,Daniel Andersen,Spain,2026-03-02,2026-04-13,2026-04-18,5,Winter,Superior Room,SU-01,Slope view,French balcony,French balcony or balcony,140,2,0,Phone,Debit card,No-show,0
CUST-01237,BOOK-01237,Sofia Salminen,Italy,2025-11-13,2025-12-06,2025-12-11,5,Winter,Deluxe Room,DR-01,Slope view,Balcony,Bathtub and sauna; French balcony or balcony,200,3,1,Expedia,Invoice,Completed,1000
CUST-01238,BOOK-01238,Ella Heikkinen,Austria,2025-06-21,2025-08-20,2025-08-23,3,Summer,Superior Family Room,SF-02,Forest view,Balcony,French balcony or balcony,170,2,1,Expedia,Debit card,Completed,510
CUST-01239,BOOK-01239,Oskari Schmidt,Spain,2025-01-30,2025-06-12,2025-06-17,5,Summer,Standard View Room,SV-08,Forest view,French balcony,French balcony or balcony,120,3,1,Expedia,Debit card,Cancelled,0
CUST-01240,BOOK-01240,Mikael Bianchi,Germany,2025-11-11,2026-03-12,2026-03-17,5,Winter,Standard View Room,SV-16,Slope view,French balcony,French balcony or balcony,120,3,0,Expedia,Credit card,Completed,600
CUST-01241,BOOK-01241,Ava Müller,Italy,2025-05-29,2025-10-28,2025-10-31,3,Shoulder,Sky Suite,SS-01,Slope view,Balcony,Igloo; bathtub; sauna; French balcony or balcony,298,4,0,Phone,Debit card,Completed,894
CUST-01242,BOOK-01242,Alma Smith,United States,2025-07-10,2025-08-12,2025-08-18,6,Summer,Standard Room,SR-46,Slope view,French balcony,French balcony or balcony,95,2,0,Corporate,Credit card,No-show,0
CUST-01243,BOOK-01243,Anna Lehtonen,Sweden,2026-01-04,2026-04-20,2026-04-25,5,Winter,Standard View Room,SV-26,Slope view,French balcony,French balcony or balcony,120,3,2,Corporate,Invoice,Cancelled,0
CUST-01244,BOOK-01244,Elina Bianchi,Finland,2025-11-11,2025-11-15,2025-11-25,10,Winter,Standard Room,SR-22,Slope view,French balcony,French balcony or balcony,100,2,0,Direct website,Credit card,Cancelled,0
CUST-01245,BOOK-01245,Elsa Kowalski,Finland,2025-09-16,2025-11-19,2025-11-25,6,Winter,Standard Room,SR-28,Slope view,Balcony,French balcony or balcony,100,2,1,Travel agency,Online payment,No-show,0
CUST-01246,BOOK-01246,Aino Novak,France,2025-07-14,2025-10-24,2025-10-30,6,Shoulder,Standard View Room,SV-27,Forest view,Balcony,French balcony or balcony,120,2,0,Direct website,Credit card,Cancelled,0
CUST-01247,BOOK-01247,Felix Salminen,Denmark,2025-06-20,2025-11-07,2025-11-11,4,Winter,Superior Family Room,SF-05,Forest view,Balcony,French balcony or balcony,170,2,0,Travel agency,Online payment,No-show,0
CUST-01248,BOOK-01248,Emma Müller,United Kingdom,2025-04-18,2025-06-14,2025-06-18,4,Summer,Superior Family Room,SF-03,Forest view,French balcony,French balcony or balcony,170,1,0,Expedia,Online payment,Completed,680
CUST-01249,BOOK-01249,Mila Smith,Poland,2025-12-20,2026-01-01,2026-01-03,2,Winter,Standard Room,SR-44,Forest view,Balcony,French balcony or balcony,100,3,1,Expedia,Debit card,Completed,200
CUST-01250,BOOK-01250,Elsa Rossi,Denmark,2026-01-08,2026-02-08,2026-02-15,7,Winter,Standard View Room,SV-36,Forest view,French balcony,French balcony or balcony,120,2,1,Direct website,Debit card,Completed,840
CUST-01251,BOOK-01251,Oliver Müller,Finland,2025-03-21,2025-06-29,2025-07-03,4,Summer,Standard Room,SR-07,Slope view,French balcony,French balcony or balcony,95,3,0,Phone,Debit card,Cancelled,0
CUST-01252,BOOK-01252,Iida Virtanen,Poland,2025-03-12,2025-07-22,2025-08-01,10,Summer,Superior Family Room,SF-04,Forest view,French balcony,French balcony or balcony,170,2,0,Phone,Invoice,Completed,1700
CUST-01253,BOOK-01253,Lucas Smith,Italy,2025-10-20,2026-01-04,2026-01-09,5,Winter,Superior Room,SU-06,Slope view,French balcony,French balcony or balcony,140,2,0,Corporate,Credit card,No-show,0
CUST-01254,BOOK-01254,Matti Karlsson,Germany,2025-11-12,2026-02-26,2026-03-08,10,Winter,Superior Family Room,SF-05,Forest view,French balcony,French balcony or balcony,170,2,1,Corporate,Credit card,Completed,1700
CUST-01255,BOOK-01255,Leo Smith,Belgium,2025-02-02,2025-06-28,2025-06-30,2,Summer,Standard View Room,SV-07,Slope view,French balcony,French balcony or balcony,120,3,0,Booking.com,Credit card,Completed,240
CUST-01256,BOOK-01256,Felix Wilson,Poland,2025-08-10,2026-01-18,2026-01-28,10,Winter,Standard View Room,SV-26,Slope view,Balcony,French balcony or balcony,120,3,1,Corporate,Invoice,Cancelled,0
CUST-01257,BOOK-01257,Laura Hansen,Netherlands,2025-06-07,2025-07-16,2025-07-23,7,Summer,Standard Room,SR-23,Forest view,Balcony,French balcony or balcony,95,2,0,Corporate,Online payment,Completed,665
CUST-01258,BOOK-01258,Ava Mäkinen,United Kingdom,2026-01-19,2026-03-19,2026-03-23,4,Winter,Deluxe Sky Suite,DS-02,Forest view,Balcony,Igloo; bathtub; sauna; French balcony or balcony,700,3,1,Travel agency,Invoice,Completed,2800
CUST-01259,BOOK-01259,Elias Brown,Canada,2026-02-03,2026-03-16,2026-03-20,4,Winter,Sky Suite,SS-02,Forest view,Balcony,Igloo; bathtub; sauna; French balcony or balcony,298,3,0,Travel agency,Credit card,No-show,0
CUST-01260,BOOK-01260,Nora Smith,Netherlands,2026-01-30,2026-04-25,2026-04-29,4,Winter,Superior Room,SU-15,Forest view,Balcony,French balcony or balcony,140,3,2,Corporate,Debit card,No-show,0
CUST-01261,BOOK-01261,Aino Novak,Belgium,2026-01-17,2026-05-03,2026-05-10,7,Shoulder,Superior Family Room,SF-09,Slope view,French balcony,French balcony or balcony,170,4,2,Corporate,Invoice,Completed,1190
CUST-01262,BOOK-01262,Amelia Miller,Belgium,2025-07-04,2025-11-22,2025-11-23,1,Winter,Superior Family Room,SF-09,Slope view,French balcony,French balcony or balcony,170,2,0,Corporate,Invoice,Completed,170
CUST-01263,BOOK-01263,Aino Brown,Canada,2025-11-30,2026-03-21,2026-03-24,3,Winter,Standard View Room,SV-07,Slope view,French balcony,French balcony or balcony,120,3,1,Booking.com,Debit card,Completed,360
CUST-01264,BOOK-01264,Linnea Müller,France,2025-12-18,2026-02-26,2026-03-01,3,Winter,Standard Room,SR-13,Forest view,Balcony,French balcony or balcony,100,2,0,Expedia,Online payment,Completed,300
CUST-01265,BOOK-01265,Hugo Silva,Netherlands,2026-04-15,2026-04-17,2026-04-24,7,Winter,Deluxe Room,DR-05,Forest view,French balcony,Bathtub and sauna; French balcony or balcony,200,3,0,Corporate,Invoice,Completed,1400
CUST-01266,BOOK-01266,Adam Järvinen,Norway,2025-11-25,2025-12-17,2025-12-19,2,Winter,Standard Room,SR-39,Slope view,French balcony,French balcony or balcony,100,3,0,Direct website,Credit card,Cancelled,0
CUST-01267,BOOK-01267,Oliver Salminen,Norway,2025-04-11,2025-07-04,2025-07-07,3,Summer,Standard Room,SR-37,Forest view,French balcony,French balcony or balcony,95,2,1,Phone,Debit card,Completed,285
CUST-01268,BOOK-01268,Leo Bianchi,Belgium,2026-01-27,2026-03-26,2026-04-02,7,Winter,Superior Room,SU-06,Slope view,Balcony,French balcony or balcony,140,2,2,Travel agency,Invoice,Completed,980
CUST-01269,BOOK-01269,Mila Bianchi,Austria,2025-12-17,2026-04-03,2026-04-06,3,Winter,Standard Room,SR-38,Slope view,French balcony,French balcony or balcony,100,2,0,Corporate,Credit card,Cancelled,0
CUST-01270,BOOK-01270,Leo Heikkinen,Norway,2025-11-30,2026-02-07,2026-02-12,5,Winter,Superior Family Room,SF-09,Slope view,French balcony,French balcony or balcony,170,2,0,Corporate,Online payment,Cancelled,0
CUST-01271,BOOK-01271,Oliver Kowalski,Germany,2025-04-14,2025-07-05,2025-07-15,10,Summer,Standard Room,SR-10,Forest view,Balcony,French balcony or balcony,95,3,0,Expedia,Invoice,Completed,950
CUST-01272,BOOK-01272,Lucas Schmidt,United Kingdom,2025-02-01,2025-07-26,2025-07-30,4,Summer,Sky Suite,SS-01,Slope view,French balcony,Igloo; bathtub; sauna; French balcony or balcony,298,1,0,Travel agency,Credit card,Completed,1192
CUST-01273,BOOK-01273,Mila Johansson,Canada,2025-05-03,2025-09-21,2025-09-26,5,Shoulder,Standard Room,SR-39,Slope view,Balcony,French balcony or balcony,100,2,0,Travel agency,Credit card,Completed,500
CUST-01274,BOOK-01274,Emma Schmidt,Estonia,2026-04-24,2026-05-08,2026-05-12,4,Shoulder,Standard Room,SR-25,Forest view,French balcony,French balcony or balcony,100,3,0,Direct website,Credit card,Completed,400
CUST-01275,BOOK-01275,Lucas Dubois,Italy,2025-12-10,2026-01-07,2026-01-10,3,Winter,Deluxe Sky Suite,DS-02,Forest view,Balcony,Igloo; bathtub; sauna; French balcony or balcony,700,2,0,Booking.com,Invoice,Cancelled,0
CUST-01276,BOOK-01276,Aino Müller,United Kingdom,2025-08-30,2026-02-11,2026-02-16,5,Winter,Standard Room,SR-05,Slope view,French balcony,French balcony or balcony,100,3,2,Corporate,Debit card,Completed,500
CUST-01277,BOOK-01277,Emma Miller,Estonia,2025-03-18,2025-07-23,2025-07-28,5,Summer,Standard Room,SR-17,Forest view,Balcony,French balcony or balcony,95,2,0,Booking.com,Debit card,Cancelled,0
CUST-01278,BOOK-01278,Alexander Korhonen,Estonia,2025-05-30,2025-07-29,2025-08-04,6,Summer,Standard Room,SR-42,Forest view,Balcony,French balcony or balcony,95,4,0,Phone,Invoice,Completed,570
CUST-01279,BOOK-01279,Leo Hansen,Canada,2025-10-23,2025-12-24,2025-12-29,5,Winter,Deluxe Sky Suite,DS-01,Forest view,Balcony,Igloo; bathtub; sauna; French balcony or balcony,700,2,1,Direct website,Online payment,Cancelled,0
CUST-01280,BOOK-01280,Liam Lehtonen,Belgium,2025-03-09,2025-06-02,2025-06-05,3,Summer,Standard Room,SR-21,Slope view,French balcony,French balcony or balcony,95,2,0,Phone,Online payment,Completed,285
CUST-01281,BOOK-01281,Linnea Hansen,Germany,2025-05-19,2025-06-08,2025-06-14,6,Summer,Standard View Room,SV-13,Forest view,French balcony,French balcony or balcony,120,1,0,Expedia,Invoice,Completed,720
CUST-01282,BOOK-01282,Oscar Silva,Italy,2025-11-19,2026-01-20,2026-01-25,5,Winter,Sky Suite,SS-02,Forest view,Balcony,Igloo; bathtub; sauna; French balcony or balcony,298,2,0,Corporate,Credit card,No-show,0
CUST-01283,BOOK-01283,Ella Petrov,Netherlands,2025-03-03,2025-08-21,2025-08-23,2,Summer,Sky Suite,SS-01,Slope view,Balcony,Igloo; bathtub; sauna; French balcony or balcony,298,4,0,Phone,Online payment,Completed,596
CUST-01284,BOOK-01284,Mikael Schmidt,Norway,2025-09-01,2026-02-15,2026-02-25,10,Winter,Superior Room,SU-19,Slope view,French balcony,French balcony or balcony,140,2,0,Corporate,Invoice,No-show,0
CUST-01285,BOOK-01285,Matti Novak,Austria,2025-02-23,2025-06-19,2025-06-24,5,Summer,Standard View Room,SV-24,Slope view,Balcony,French balcony or balcony,120,2,0,Phone,Debit card,Completed,600
CUST-01286,BOOK-01286,Emilia Bianchi,United States,2025-02-06,2025-06-14,2025-06-21,7,Summer,Standard View Room,SV-24,Slope view,Balcony,French balcony or balcony,120,2,0,Corporate,Invoice,Completed,840
CUST-01287,BOOK-01287,Anna Smith,France,2025-10-09,2026-02-14,2026-02-18,4,Winter,Deluxe Room,DR-01,Slope view,French balcony,Bathtub and sauna; French balcony or balcony,200,3,0,Phone,Credit card,Completed,800
CUST-01288,BOOK-01288,Samuel Virtanen,Italy,2025-12-13,2025-12-22,2025-12-27,5,Winter,Superior Room,SU-16,Forest view,Balcony,French balcony or balcony,140,3,0,Phone,Online payment,Completed,700
CUST-01289,BOOK-01289,Emma Saarinen,United Kingdom,2026-02-18,2026-05-18,2026-05-22,4,Shoulder,Standard Room,SR-17,Forest view,Balcony,French balcony or balcony,100,2,0,Corporate,Invoice,Completed,400
CUST-01290,BOOK-01290,Sara Heikkinen,Netherlands,2025-08-11,2026-01-22,2026-01-26,4,Winter,Standard Room,SR-27,Slope view,French balcony,French balcony or balcony,100,3,1,Expedia,Invoice,No-show,0
CUST-01291,BOOK-01291,Sofia Koskinen,Austria,2025-08-09,2025-09-22,2025-09-28,6,Shoulder,Standard Room,SR-21,Slope view,Balcony,French balcony or balcony,100,1,1,Expedia,Debit card,No-show,0
CUST-01292,BOOK-01292,Liam Kowalski,Estonia,2025-11-19,2026-02-28,2026-03-05,5,Winter,Superior Room,SU-02,Slope view,French balcony,French balcony or balcony,140,4,0,Corporate,Debit card,Cancelled,0
CUST-01293,BOOK-01293,Sofia Lehtonen,Denmark,2025-12-28,2026-05-22,2026-05-25,3,Shoulder,Standard View Room,SV-40,Forest view,Balcony,French balcony or balcony,120,2,0,Phone,Invoice,Completed,360
CUST-01294,BOOK-01294,Anna Korhonen,Estonia,2025-10-18,2026-02-21,2026-02-24,3,Winter,Standard View Room,SV-16,Slope view,Balcony,French balcony or balcony,120,3,0,Booking.com,Online payment,No-show,0
CUST-01295,BOOK-01295,Felix Nieminen,Denmark,2025-12-14,2026-04-18,2026-04-23,5,Winter,Deluxe Room,DR-04,Forest view,Balcony,Bathtub and sauna; French balcony or balcony,200,2,0,Phone,Online payment,No-show,0
CUST-01296,BOOK-01296,Lucas Hansen,Spain,2026-03-01,2026-03-25,2026-03-28,3,Winter,Superior Family Room,SF-06,Slope view,Balcony,French balcony or balcony,170,2,0,Expedia,Debit card,Completed,510
CUST-01297,BOOK-01297,Alexander Karlsson,Denmark,2025-05-24,2025-07-25,2025-07-28,3,Summer,Standard Room,SR-05,Slope view,Balcony,French balcony or balcony,95,2,0,Direct website,Online payment,Completed,285
CUST-01298,BOOK-01298,Oliver Virtanen,Belgium,2025-06-30,2025-08-16,2025-08-21,5,Summer,Superior Room,SU-03,Forest view,Balcony,French balcony or balcony,140,2,0,Direct website,Invoice,Completed,700
CUST-01299,BOOK-01299,Aino Saarinen,Belgium,2026-02-08,2026-03-15,2026-03-17,2,Winter,Superior Room,SU-18,Slope view,French balcony,French balcony or balcony,140,3,0,Expedia,Invoice,Cancelled,0
CUST-01300,BOOK-01300,Alexander Virtanen,Estonia,2025-03-25,2025-08-23,2025-08-30,7,Summer,Sky Suite,SS-01,Slope view,Balcony,Igloo; bathtub; sauna; French balcony or balcony,298,3,0,Travel agency,Online payment,Cancelled,0
CUST-01301,BOOK-01301,Adam Koskinen,Italy,2025-06-13,2025-10-31,2025-11-06,6,Shoulder,Standard Room,SR-43,Forest view,Balcony,French balcony or balcony,100,3,0,Expedia,Online payment,Completed,600
CUST-01302,BOOK-01302,Eetu Petrov,Norway,2025-10-14,2026-04-11,2026-04-14,3,Winter,Standard View Room,SV-25,Forest view,Balcony,French balcony or balcony,120,4,0,Direct website,Credit card,No-show,0
CUST-01303,BOOK-01303,Laura Martin,Netherlands,2025-06-02,2025-06-22,2025-06-24,2,Summer,Standard Room,SR-20,Forest view,French balcony,French balcony or balcony,95,2,2,Direct website,Online payment,Completed,190
CUST-01304,BOOK-01304,Ella Smith,France,2025-05-30,2025-11-10,2025-11-12,2,Winter,Standard Room,SR-46,Slope view,Balcony,French balcony or balcony,100,2,0,Direct website,Online payment,Cancelled,0
CUST-01305,BOOK-01305,Olivia Miller,Canada,2025-09-26,2025-11-03,2025-11-06,3,Winter,Standard View Room,SV-38,Slope view,Balcony,French balcony or balcony,120,4,1,Booking.com,Invoice,Cancelled,0
CUST-01306,BOOK-01306,Alexander Laine,Finland,2025-12-12,2026-01-16,2026-01-23,7,Winter,Superior Family Room,SF-03,Forest view,Balcony,French balcony or balcony,170,3,3,Phone,Debit card,Completed,1190
CUST-01307,BOOK-01307,Lucas Santos,United Kingdom,2025-07-18,2025-12-06,2025-12-09,3,Winter,Sky Suite,SS-01,Slope view,French balcony,Igloo; bathtub; sauna; French balcony or balcony,298,3,0,Direct website,Debit card,No-show,0
CUST-01308,BOOK-01308,Daniel Wilson,Norway,2025-08-25,2025-09-11,2025-09-15,4,Shoulder,Deluxe Room,DR-03,Forest view,Balcony,Bathtub and sauna; French balcony or balcony,200,3,2,Corporate,Debit card,Completed,800
CUST-01309,BOOK-01309,Alma Rantanen,Finland,2025-08-14,2025-12-30,2026-01-02,3,Winter,Standard Room,SR-06,Slope view,French balcony,French balcony or balcony,100,3,0,Phone,Credit card,No-show,0
CUST-01310,BOOK-01310,Hugo Johansson,Estonia,2026-02-28,2026-05-07,2026-05-11,4,Shoulder,Superior Family Room,SF-04,Forest view,Balcony,French balcony or balcony,170,2,0,Booking.com,Invoice,Completed,680
CUST-01311,BOOK-01311,Oliver Smith,United States,2025-05-12,2025-08-19,2025-08-25,6,Summer,Sky Suite,SS-02,Forest view,French balcony,Igloo; bathtub; sauna; French balcony or balcony,298,3,0,Corporate,Debit card,Completed,1788
CUST-01312,BOOK-01312,Alma Dubois,France,2025-11-21,2026-01-12,2026-01-22,10,Winter,Superior Room,SU-18,Slope view,Balcony,French balcony or balcony,140,3,1,Corporate,Debit card,Completed,1400
CUST-01313,BOOK-01313,Lucas Bianchi,Poland,2025-05-01,2025-06-15,2025-06-18,3,Summer,Standard Room,SR-41,Slope view,French balcony,French balcony or balcony,95,3,1,Phone,Credit card,No-show,0
CUST-01314,BOOK-01314,Emma Koskinen,Belgium,2026-02-19,2026-04-24,2026-04-27,3,Winter,Standard View Room,SV-37,Forest view,French balcony,French balcony or balcony,120,2,2,Expedia,Invoice,Completed,360
CUST-01315,BOOK-01315,Nora Heikkinen,Austria,2025-05-18,2025-08-02,2025-08-06,4,Summer,Superior Room,SU-19,Slope view,French balcony,French balcony or balcony,140,4,0,Expedia,Online payment,Cancelled,0
CUST-01316,BOOK-01316,Liam Novak,United States,2025-10-18,2026-03-23,2026-03-29,6,Winter,Superior Family Room,SF-05,Forest view,Balcony,French balcony or balcony,170,1,0,Travel agency,Credit card,Completed,1020
CUST-01317,BOOK-01317,Alma Silva,Canada,2025-07-23,2025-08-22,2025-08-24,2,Summer,Standard Room,SR-02,Slope view,French balcony,French balcony or balcony,95,2,2,Expedia,Debit card,No-show,0
CUST-01318,BOOK-01318,Mila Laine,Finland,2025-10-01,2026-03-24,2026-04-03,10,Winter,Sky Suite,SS-02,Forest view,French balcony,Igloo; bathtub; sauna; French balcony or balcony,298,2,0,Phone,Credit card,Completed,2980
CUST-01319,BOOK-01319,Elina Karlsson,United States,2025-10-25,2026-03-08,2026-03-10,2,Winter,Standard Room,SR-18,Slope view,Balcony,French balcony or balcony,100,2,0,Phone,Online payment,Completed,200
CUST-01320,BOOK-01320,Amelia Kowalski,Sweden,2026-04-26,2026-05-08,2026-05-12,4,Shoulder,Standard Room,SR-28,Slope view,French balcony,French balcony or balcony,100,1,3,Booking.com,Invoice,No-show,0
CUST-01321,BOOK-01321,Anna Mäkinen,United States,2026-04-08,2026-04-27,2026-04-29,2,Winter,Standard View Room,SV-37,Forest view,Balcony,French balcony or balcony,120,3,0,Booking.com,Credit card,No-show,0
CUST-01322,BOOK-01322,Iida Dubois,Finland,2025-05-18,2025-06-12,2025-06-18,6,Summer,Superior Room,SU-13,Forest view,Balcony,French balcony or balcony,140,2,0,Phone,Debit card,No-show,0
CUST-01323,BOOK-01323,Alexander Karlsson,Norway,2025-05-06,2025-06-30,2025-07-04,4,Summer,Standard Room,SR-24,Slope view,Balcony,French balcony or balcony,95,2,2,Booking.com,Invoice,No-show,0
CUST-01324,BOOK-01324,Emma Mäkinen,United States,2025-03-11,2025-06-25,2025-06-30,5,Summer,Superior Room,SU-14,Slope view,Balcony,French balcony or balcony,140,3,0,Direct website,Credit card,Completed,700
CUST-01325,BOOK-01325,Ella Mäkinen,Sweden,2025-04-05,2025-07-30,2025-08-01,2,Summer,Standard View Room,SV-06,Forest view,French balcony,French balcony or balcony,120,3,1,Corporate,Invoice,Completed,240
CUST-01326,BOOK-01326,Ella Salminen,France,2025-06-16,2025-10-06,2025-10-08,2,Shoulder,Superior Room,SU-02,Slope view,Balcony,French balcony or balcony,140,2,0,Phone,Debit card,Completed,280
CUST-01327,BOOK-01327,Sofia Laine,Spain,2025-12-04,2026-01-20,2026-01-25,5,Winter,Superior Room,SU-05,Slope view,French balcony,French balcony or balcony,140,2,0,Corporate,Invoice,No-show,0
CUST-01328,BOOK-01328,Felix Dubois,Estonia,2026-03-12,2026-04-17,2026-04-21,4,Winter,Sky Suite,SS-01,Slope view,French balcony,Igloo; bathtub; sauna; French balcony or balcony,298,2,0,Direct website,Debit card,Completed,1192
CUST-01329,BOOK-01329,Aino Santos,France,2025-06-16,2025-12-05,2025-12-15,10,Winter,Standard Room,SR-32,Slope view,Balcony,French balcony or balcony,100,2,1,Travel agency,Credit card,Completed,1000
CUST-01330,BOOK-01330,Ava Andersen,Belgium,2025-02-28,2025-07-20,2025-07-23,3,Summer,Standard View Room,SV-09,Slope view,Balcony,French balcony or balcony,120,2,0,Booking.com,Debit card,Completed,360
CUST-01331,BOOK-01331,Elias Laine,Canada,2025-05-30,2025-06-14,2025-06-17,3,Summer,Standard Room,SR-13,Forest view,Balcony,French balcony or balcony,95,2,1,Travel agency,Debit card,Completed,285
CUST-01332,BOOK-01332,Leo Johansson,Norway,2025-11-21,2026-03-13,2026-03-17,4,Winter,Standard Room,SR-30,Slope view,Balcony,French balcony or balcony,100,3,0,Booking.com,Debit card,No-show,0
CUST-01333,BOOK-01333,Mikael Koskinen,Italy,2025-06-23,2025-08-04,2025-08-10,6,Summer,Standard View Room,SV-34,Forest view,French balcony,French balcony or balcony,120,2,1,Expedia,Credit card,Completed,720
CUST-01334,BOOK-01334,Julia Miller,United States,2025-07-02,2025-10-06,2025-10-08,2,Shoulder,Standard Room,SR-01,Slope view,Balcony,French balcony or balcony,100,4,0,Direct website,Online payment,Cancelled,0
CUST-01335,BOOK-01335,Sara Andersen,United Kingdom,2025-11-09,2026-01-13,2026-01-17,4,Winter,Superior Family Room,SF-08,Forest view,Balcony,French balcony or balcony,170,2,0,Expedia,Invoice,Completed,680
CUST-01336,BOOK-01336,Adam Mäkinen,Sweden,2025-11-15,2026-01-09,2026-01-10,1,Winter,Standard Room,SR-14,Slope view,French balcony,French balcony or balcony,100,3,1,Travel agency,Debit card,Completed,100
CUST-01337,BOOK-01337,Julia Heikkinen,Poland,2025-03-10,2025-07-22,2025-07-26,4,Summer,Standard Room,SR-42,Forest view,French balcony,French balcony or balcony,95,2,0,Phone,Online payment,Completed,380
CUST-01338,BOOK-01338,Mikael Rossi,Sweden,2025-09-18,2026-01-16,2026-01-18,2,Winter,Standard View Room,SV-38,Slope view,French balcony,French balcony or balcony,120,2,0,Travel agency,Credit card,Completed,240
CUST-01339,BOOK-01339,Leo Müller,Spain,2025-07-03,2025-10-05,2025-10-07,2,Shoulder,Superior Room,SU-20,Slope view,Balcony,French balcony or balcony,140,2,0,Travel agency,Debit card,Completed,280
CUST-01340,BOOK-01340,Liam Rantanen,Belgium,2025-04-04,2025-07-29,2025-08-03,5,Summer,Standard Room,SR-17,Forest view,Balcony,French balcony or balcony,95,3,0,Travel agency,Credit card,Cancelled,0
CUST-01341,BOOK-01341,Amelia Heikkinen,United States,2025-07-08,2025-09-13,2025-09-15,2,Shoulder,Standard Room,SR-16,Slope view,Balcony,French balcony or balcony,100,4,0,Booking.com,Credit card,Completed,200
CUST-01342,BOOK-01342,Hugo Korhonen,Sweden,2025-11-12,2025-11-28,2025-12-02,4,Winter,Standard View Room,SV-06,Forest view,Balcony,French balcony or balcony,120,2,0,Expedia,Online payment,Completed,480
CUST-01343,BOOK-01343,Leo Johansson,Canada,2025-10-27,2026-04-17,2026-04-21,4,Winter,Superior Family Room,SF-09,Slope view,Balcony,French balcony or balcony,170,2,0,Direct website,Online payment,Completed,680
CUST-01344,BOOK-01344,Felix Silva,Italy,2025-10-30,2026-03-27,2026-03-30,3,Winter,Superior Family Room,SF-05,Forest view,French balcony,French balcony or balcony,170,2,1,Phone,Credit card,Completed,510
CUST-01345,BOOK-01345,Adam Virtanen,Spain,2025-05-27,2025-11-10,2025-11-16,6,Winter,Standard Room,SR-43,Forest view,Balcony,French balcony or balcony,100,4,0,Corporate,Invoice,No-show,0
CUST-01346,BOOK-01346,Theo Dubois,Denmark,2026-01-06,2026-04-24,2026-04-27,3,Winter,Standard Room,SR-36,Slope view,Balcony,French balcony or balcony,100,2,1,Direct website,Invoice,No-show,0
CUST-01347,BOOK-01347,Leo Karlsson,Canada,2025-07-18,2025-12-13,2025-12-23,10,Winter,Standard Room,SR-39,Slope view,Balcony,French balcony or balcony,100,2,1,Expedia,Invoice,Completed,1000
CUST-01348,BOOK-01348,Sara Miller,Denmark,2025-03-28,2025-09-02,2025-09-05,3,Shoulder,Superior Room,SU-14,Slope view,Balcony,French balcony or balcony,140,3,0,Expedia,Debit card,No-show,0
CUST-01349,BOOK-01349,Lucas Johansson,Sweden,2025-08-27,2026-01-07,2026-01-13,6,Winter,Sky Suite,SS-02,Forest view,Balcony,Igloo; bathtub; sauna; French balcony or balcony,298,3,0,Booking.com,Credit card,Completed,1788
CUST-01350,BOOK-01350,Linnea Mäkinen,Norway,2025-05-15,2025-07-16,2025-07-19,3,Summer,Deluxe Room,DR-04,Forest view,Balcony,Bathtub and sauna; French balcony or balcony,200,3,1,Corporate,Invoice,Completed,600
CUST-01351,BOOK-01351,Oscar Smith,Spain,2025-02-25,2025-08-15,2025-08-22,7,Summer,Standard Room,SR-07,Slope view,French balcony,French balcony or balcony,95,3,2,Corporate,Invoice,Completed,665
CUST-01352,BOOK-01352,Theo Petrov,Belgium,2025-05-30,2025-10-12,2025-10-15,3,Shoulder,Standard Room,SR-28,Slope view,French balcony,French balcony or balcony,100,2,0,Corporate,Online payment,Completed,300
CUST-01353,BOOK-01353,Linnea Brown,Sweden,2025-09-24,2026-01-11,2026-01-18,7,Winter,Standard View Room,SV-40,Forest view,Balcony,French balcony or balcony,120,2,1,Booking.com,Debit card,Completed,840
CUST-01354,BOOK-01354,Oliver Kowalski,United Kingdom,2025-08-02,2025-12-12,2025-12-16,4,Winter,Standard Room,SR-16,Slope view,Balcony,French balcony or balcony,100,3,0,Booking.com,Invoice,Completed,400
CUST-01355,BOOK-01355,Laura Petrov,Canada,2025-09-23,2026-03-14,2026-03-21,7,Winter,Standard Room,SR-33,Forest view,French balcony,French balcony or balcony,100,2,0,Booking.com,Credit card,Cancelled,0
CUST-01356,BOOK-01356,Eetu Rantanen,Poland,2025-09-28,2025-10-11,2025-10-18,7,Shoulder,Standard Room,SR-24,Slope view,Balcony,French balcony or balcony,100,4,1,Booking.com,Invoice,Cancelled,0
CUST-01357,BOOK-01357,Nora Koskinen,Austria,2025-07-24,2025-10-24,2025-10-29,5,Shoulder,Superior Family Room,SF-05,Forest view,French balcony,French balcony or balcony,170,3,0,Phone,Invoice,No-show,0
CUST-01358,BOOK-01358,Sara Müller,Austria,2025-05-25,2025-09-02,2025-09-05,3,Shoulder,Standard Room,SR-36,Slope view,French balcony,French balcony or balcony,100,3,2,Travel agency,Credit card,Cancelled,0
CUST-01359,BOOK-01359,Aino Laine,Estonia,2025-09-17,2025-10-15,2025-10-19,4,Shoulder,Standard Room,SR-42,Forest view,Balcony,French balcony or balcony,100,2,3,Expedia,Debit card,Cancelled,0
CUST-01360,BOOK-01360,Adam Petrov,Netherlands,2026-02-08,2026-04-19,2026-04-22,3,Winter,Standard View Room,SV-18,Slope view,Balcony,French balcony or balcony,120,2,0,Corporate,Credit card,Completed,360
CUST-01361,BOOK-01361,Elsa Johansson,Norway,2025-09-22,2026-01-10,2026-01-12,2,Winter,Standard Room,SR-14,Slope view,French balcony,French balcony or balcony,100,2,0,Expedia,Credit card,Completed,200
CUST-01362,BOOK-01362,Iida Dubois,United Kingdom,2025-07-26,2025-09-18,2025-09-28,10,Shoulder,Standard Room,SR-05,Slope view,Balcony,French balcony or balcony,100,2,0,Phone,Invoice,Completed,1000
CUST-01363,BOOK-01363,Anna Brown,Denmark,2025-02-17,2025-06-01,2025-06-04,3,Summer,Deluxe Sky Suite,DS-01,Forest view,Balcony,Igloo; bathtub; sauna; French balcony or balcony,324,3,1,Booking.com,Online payment,Completed,972
CUST-01364,BOOK-01364,Sofia Andersen,Estonia,2025-05-06,2025-10-21,2025-10-26,5,Shoulder,Standard View Room,SV-36,Forest view,French balcony,French balcony or balcony,120,3,1,Expedia,Credit card,Completed,600
CUST-01365,BOOK-01365,Emilia Silva,Germany,2026-01-09,2026-03-18,2026-03-21,3,Winter,Deluxe Room,DR-03,Forest view,French balcony,Bathtub and sauna; French balcony or balcony,200,2,2,Phone,Credit card,Cancelled,0
CUST-01366,BOOK-01366,Oliver Johansson,Italy,2025-09-07,2025-12-23,2025-12-27,4,Winter,Standard View Room,SV-26,Slope view,French balcony,French balcony or balcony,120,3,1,Corporate,Debit card,Completed,480
CUST-01367,BOOK-01367,Oscar Wilson,Netherlands,2025-06-22,2025-12-19,2025-12-24,5,Winter,Sky Suite,SS-01,Slope view,Balcony,Igloo; bathtub; sauna; French balcony or balcony,298,3,0,Expedia,Invoice,Cancelled,0
CUST-01368,BOOK-01368,Mikael Miller,Italy,2025-12-26,2026-03-18,2026-03-21,3,Winter,Deluxe Room,DR-03,Forest view,French balcony,Bathtub and sauna; French balcony or balcony,200,2,1,Phone,Debit card,Completed,600
CUST-01369,BOOK-01369,Olivia Novak,Sweden,2025-03-31,2025-06-30,2025-07-06,6,Summer,Superior Family Room,SF-03,Forest view,French balcony,French balcony or balcony,170,1,0,Phone,Credit card,Completed,1020
CUST-01370,BOOK-01370,Amelia Järvinen,Poland,2025-07-05,2025-09-25,2025-10-01,6,Shoulder,Standard View Room,SV-04,Forest view,French balcony,French balcony or balcony,120,2,1,Booking.com,Credit card,No-show,0
CUST-01371,BOOK-01371,Olivia Karlsson,Finland,2026-02-05,2026-02-19,2026-02-23,4,Winter,Standard Room,SR-34,Slope view,French balcony,French balcony or balcony,100,2,1,Expedia,Debit card,Completed,400
CUST-01372,BOOK-01372,Sara Kowalski,Austria,2025-07-25,2025-10-31,2025-11-04,4,Shoulder,Standard View Room,SV-23,Forest view,Balcony,French balcony or balcony,120,3,1,Corporate,Invoice,Completed,480
CUST-01373,BOOK-01373,Linnea Heikkinen,Finland,2025-10-18,2026-01-07,2026-01-11,4,Winter,Standard Room,SR-30,Slope view,Balcony,French balcony or balcony,100,2,0,Travel agency,Online payment,Cancelled,0
CUST-01374,BOOK-01374,Anna Petrov,Netherlands,2026-01-11,2026-03-03,2026-03-10,7,Winter,Standard View Room,SV-29,Slope view,French balcony,French balcony or balcony,120,2,0,Expedia,Online payment,Completed,840
CUST-01375,BOOK-01375,Alexander Koskinen,Spain,2025-12-10,2025-12-25,2026-01-01,7,Winter,Superior Family Room,SF-08,Forest view,French balcony,French balcony or balcony,170,2,0,Corporate,Online payment,Completed,1190
CUST-01376,BOOK-01376,Emma Schmidt,United Kingdom,2025-08-25,2025-09-26,2025-10-03,7,Shoulder,Standard Room,SR-40,Forest view,French balcony,French balcony or balcony,100,2,0,Travel agency,Invoice,Cancelled,0
CUST-01377,BOOK-01377,Anna Wilson,Norway,2025-10-22,2026-01-31,2026-02-05,5,Winter,Standard View Room,SV-31,Forest view,French balcony,French balcony or balcony,120,2,0,Phone,Credit card,Completed,600
CUST-01378,BOOK-01378,Oscar Santos,Austria,2025-07-01,2025-07-18,2025-07-21,3,Summer,Deluxe Sky Suite,DS-01,Forest view,French balcony,Igloo; bathtub; sauna; French balcony or balcony,324,3,3,Direct website,Credit card,Completed,972
CUST-01379,BOOK-01379,Elina Laine,France,2026-01-07,2026-01-29,2026-02-02,4,Winter,Deluxe Sky Suite,DS-02,Forest view,French balcony,Igloo; bathtub; sauna; French balcony or balcony,700,2,2,Expedia,Invoice,Cancelled,0
CUST-01380,BOOK-01380,Linnea Schmidt,United Kingdom,2024-12-24,2025-06-07,2025-06-14,7,Summer,Standard Room,SR-31,Forest view,Balcony,French balcony or balcony,95,1,1,Booking.com,Credit card,Cancelled,0
CUST-01381,BOOK-01381,Mikael Lehtonen,Poland,2025-06-15,2025-09-13,2025-09-17,4,Shoulder,Standard Room,SR-10,Forest view,Balcony,French balcony or balcony,100,3,0,Travel agency,Online payment,Cancelled,0
CUST-01382,BOOK-01382,Liam Salminen,Germany,2026-03-20,2026-04-22,2026-04-24,2,Winter,Deluxe Sky Suite,DS-01,Forest view,French balcony,Igloo; bathtub; sauna; French balcony or balcony,700,2,2,Expedia,Online payment,No-show,0
CUST-01383,BOOK-01383,Samuel Salminen,United States,2025-03-29,2025-06-25,2025-06-26,1,Summer,Sky Suite,SS-02,Forest view,French balcony,Igloo; bathtub; sauna; French balcony or balcony,298,3,1,Direct website,Credit card,Completed,298
CUST-01384,BOOK-01384,Sara Silva,Canada,2025-02-16,2025-08-11,2025-08-18,7,Summer,Standard Room,SR-39,Slope view,French balcony,French balcony or balcony,95,2,2,Travel agency,Debit card,Cancelled,0
CUST-01385,BOOK-01385,Julia Heikkinen,Finland,2025-08-13,2025-10-03,2025-10-08,5,Shoulder,Superior Room,SU-19,Slope view,Balcony,French balcony or balcony,140,3,1,Travel agency,Online payment,Completed,700
CUST-01386,BOOK-01386,Olivia Petrov,Netherlands,2025-05-26,2025-06-07,2025-06-12,5,Summer,Standard Room,SR-16,Slope view,Balcony,French balcony or balcony,95,2,1,Direct website,Invoice,Completed,475
CUST-01387,BOOK-01387,Adam Müller,Germany,2026-01-28,2026-04-08,2026-04-18,10,Winter,Deluxe Sky Suite,DS-03,Forest view,French balcony,Igloo; bathtub; sauna; French balcony or balcony,700,2,0,Expedia,Credit card,No-show,0
CUST-01388,BOOK-01388,Adam Nieminen,Austria,2025-02-25,2025-06-19,2025-06-25,6,Summer,Deluxe Room,DR-04,Forest view,Balcony,Bathtub and sauna; French balcony or balcony,200,2,0,Direct website,Invoice,Completed,1200
CUST-01389,BOOK-01389,Linnea Saarinen,Poland,2025-11-09,2025-11-24,2025-12-04,10,Winter,Standard Room,SR-36,Slope view,French balcony,French balcony or balcony,100,3,2,Phone,Credit card,Completed,1000
CUST-01390,BOOK-01390,Sofia Korhonen,Estonia,2025-11-28,2026-01-30,2026-02-03,4,Winter,Standard Room,SR-39,Slope view,French balcony,French balcony or balcony,100,2,0,Corporate,Online payment,No-show,0
CUST-01391,BOOK-01391,Isla Miller,Germany,2025-09-06,2026-03-03,2026-03-08,5,Winter,Superior Family Room,SF-04,Forest view,French balcony,French balcony or balcony,170,2,3,Travel agency,Debit card,No-show,0
CUST-01392,BOOK-01392,Linnea Hansen,Netherlands,2026-01-21,2026-02-01,2026-02-03,2,Winter,Superior Family Room,SF-06,Slope view,French balcony,French balcony or balcony,170,3,3,Corporate,Invoice,Completed,340
CUST-01393,BOOK-01393,Nora Miller,United States,2025-08-26,2025-10-08,2025-10-10,2,Shoulder,Standard Room,SR-29,Forest view,French balcony,French balcony or balcony,100,2,1,Booking.com,Credit card,No-show,0
CUST-01394,BOOK-01394,Felix Järvinen,United Kingdom,2025-12-14,2026-04-27,2026-05-02,5,Winter,Standard View Room,SV-08,Forest view,French balcony,French balcony or balcony,120,3,0,Booking.com,Debit card,Completed,600
CUST-01395,BOOK-01395,Nora Heikkinen,Finland,2025-08-08,2025-08-14,2025-08-16,2,Summer,Superior Family Room,SF-06,Slope view,French balcony,French balcony or balcony,170,3,0,Travel agency,Invoice,Completed,340
CUST-01396,BOOK-01396,Elina Kowalski,Canada,2025-04-20,2025-07-29,2025-07-30,1,Summer,Standard Room,SR-36,Slope view,French balcony,French balcony or balcony,95,1,0,Expedia,Debit card,No-show,0
CUST-01397,BOOK-01397,Elina Salminen,Estonia,2025-06-23,2025-12-08,2025-12-11,3,Winter,Standard Room,SR-20,Forest view,French balcony,French balcony or balcony,100,3,0,Corporate,Credit card,Completed,300
CUST-01398,BOOK-01398,Mila Järvinen,Estonia,2025-11-14,2026-02-03,2026-02-06,3,Winter,Superior Family Room,SF-10,Forest view,Balcony,French balcony or balcony,170,3,0,Phone,Credit card,No-show,0
CUST-01399,BOOK-01399,Amelia Kowalski,United Kingdom,2025-06-16,2025-06-18,2025-06-19,1,Summer,Superior Room,SU-06,Slope view,Balcony,French balcony or balcony,140,3,0,Expedia,Invoice,Cancelled,0
CUST-01400,BOOK-01400,Isla Andersen,Austria,2025-09-23,2026-01-11,2026-01-17,6,Winter,Standard Room,SR-27,Slope view,Balcony,French balcony or balcony,100,2,0,Phone,Invoice,Completed,600
CUST-01401,BOOK-01401,Sara Korhonen,United States,2025-07-20,2025-12-07,2025-12-10,3,Winter,Standard Room,SR-27,Slope view,Balcony,French balcony or balcony,100,2,1,Corporate,Online payment,Completed,300
CUST-01402,BOOK-01402,Elina Silva,France,2025-12-22,2026-04-13,2026-04-17,4,Winter,Standard View Room,SV-12,Slope view,Balcony,French balcony or balcony,120,2,0,Booking.com,Invoice,Completed,480
CUST-01403,BOOK-01403,Olivia Wilson,United States,2026-02-24,2026-03-01,2026-03-06,5,Winter,Standard View Room,SV-19,Slope view,French balcony,French balcony or balcony,120,2,0,Corporate,Credit card,Completed,600
CUST-01404,BOOK-01404,Emilia Rantanen,Finland,2025-10-24,2026-01-28,2026-02-01,4,Winter,Superior Room,SU-18,Slope view,Balcony,French balcony or balcony,140,2,0,Direct website,Invoice,Cancelled,0
CUST-01405,BOOK-01405,Oliver Laine,Poland,2025-09-09,2025-12-11,2025-12-12,1,Winter,Standard View Room,SV-15,Forest view,Balcony,French balcony or balcony,120,3,1,Corporate,Debit card,Completed,120
CUST-01406,BOOK-01406,Felix Rantanen,Germany,2025-11-22,2025-12-12,2025-12-13,1,Winter,Deluxe Sky Suite,DS-01,Forest view,Balcony,Igloo; bathtub; sauna; French balcony or balcony,700,2,0,Direct website,Invoice,Completed,700
CUST-01407,BOOK-01407,Julia Salminen,Austria,2025-09-02,2026-02-05,2026-02-09,4,Winter,Superior Room,SU-01,Slope view,French balcony,French balcony or balcony,140,3,0,Phone,Debit card,Completed,560
CUST-01408,BOOK-01408,Isla Saarinen,United Kingdom,2025-09-09,2025-10-22,2025-10-24,2,Shoulder,Superior Room,SU-06,Slope view,French balcony,French balcony or balcony,140,2,0,Corporate,Credit card,Completed,280
CUST-01409,BOOK-01409,Samuel Saarinen,Germany,2025-12-20,2026-01-17,2026-01-19,2,Winter,Superior Room,SU-09,Forest view,Balcony,French balcony or balcony,140,3,0,Direct website,Online payment,Completed,280
CUST-01410,BOOK-01410,Noah Laine,Belgium,2025-09-02,2026-01-09,2026-01-15,6,Winter,Standard Room,SR-18,Slope view,French balcony,French balcony or balcony,100,3,0,Phone,Credit card,No-show,0
CUST-01411,BOOK-01411,Alexander Saarinen,Sweden,2025-03-06,2025-07-03,2025-07-08,5,Summer,Standard Room,SR-44,Forest view,French balcony,French balcony or balcony,95,2,0,Travel agency,Debit card,Completed,475
CUST-01412,BOOK-01412,Aino Virtanen,Norway,2025-10-10,2026-02-13,2026-02-15,2,Winter,Standard View Room,SV-30,Slope view,French balcony,French balcony or balcony,120,2,0,Travel agency,Debit card,Completed,240
CUST-01413,BOOK-01413,Samuel Korhonen,Canada,2025-06-29,2025-07-17,2025-07-19,2,Summer,Standard View Room,SV-18,Slope view,French balcony,French balcony or balcony,120,3,2,Phone,Credit card,No-show,0
CUST-01414,BOOK-01414,Liam Schmidt,United States,2025-06-18,2025-07-17,2025-07-19,2,Summer,Standard View Room,SV-21,Forest view,French balcony,French balcony or balcony,120,2,0,Phone,Credit card,No-show,0
CUST-01415,BOOK-01415,Leo Müller,Germany,2025-10-11,2025-12-03,2025-12-06,3,Winter,Superior Family Room,SF-04,Forest view,French balcony,French balcony or balcony,170,1,0,Travel agency,Online payment,Cancelled,0
CUST-01416,BOOK-01416,Adam Miller,Spain,2025-12-21,2026-05-15,2026-05-16,1,Shoulder,Sky Suite,SS-02,Forest view,Balcony,Igloo; bathtub; sauna; French balcony or balcony,298,3,0,Phone,Debit card,Completed,298
CUST-01417,BOOK-01417,Lucas Schmidt,Poland,2025-12-18,2026-03-18,2026-03-22,4,Winter,Standard View Room,SV-04,Forest view,French balcony,French balcony or balcony,120,2,0,Travel agency,Credit card,No-show,0
CUST-01418,BOOK-01418,Noah Karlsson,France,2025-10-09,2025-12-29,2026-01-04,6,Winter,Standard Room,SR-37,Forest view,French balcony,French balcony or balcony,100,2,1,Direct website,Credit card,No-show,0
CUST-01419,BOOK-01419,Amelia Lehtonen,United Kingdom,2025-09-22,2025-10-11,2025-10-14,3,Shoulder,Standard Room,SR-06,Slope view,Balcony,French balcony or balcony,100,4,0,Phone,Online payment,No-show,0
CUST-01420,BOOK-01420,Mikael Schmidt,Germany,2025-09-24,2026-01-11,2026-01-14,3,Winter,Superior Family Room,SF-03,Forest view,French balcony,French balcony or balcony,170,2,0,Corporate,Invoice,Completed,510
CUST-01421,BOOK-01421,Nora Rossi,Italy,2025-04-03,2025-06-20,2025-06-25,5,Summer,Standard View Room,SV-34,Forest view,French balcony,French balcony or balcony,120,2,2,Expedia,Debit card,No-show,0
CUST-01422,BOOK-01422,Amelia Kowalski,Germany,2025-07-26,2025-12-13,2025-12-20,7,Winter,Superior Family Room,SF-03,Forest view,French balcony,French balcony or balcony,170,2,0,Travel agency,Online payment,Completed,1190
CUST-01423,BOOK-01423,Oliver Rantanen,Austria,2025-05-15,2025-06-26,2025-06-29,3,Summer,Standard View Room,SV-06,Forest view,French balcony,French balcony or balcony,120,2,1,Direct website,Credit card,Completed,360
CUST-01424,BOOK-01424,Ella Karlsson,Spain,2026-02-23,2026-03-04,2026-03-11,7,Winter,Deluxe Room,DR-05,Forest view,French balcony,Bathtub and sauna; French balcony or balcony,200,4,0,Direct website,Credit card,Completed,1400
CUST-01425,BOOK-01425,Elias Laine,Estonia,2025-11-07,2026-01-23,2026-01-29,6,Winter,Sky Suite,SS-01,Slope view,Balcony,Igloo; bathtub; sauna; French balcony or balcony,298,3,0,Phone,Debit card,No-show,0
CUST-01426,BOOK-01426,Nora Koskinen,Italy,2025-02-27,2025-08-26,2025-08-31,5,Summer,Standard View Room,SV-31,Forest view,French balcony,French balcony or balcony,120,3,3,Direct website,Debit card,Completed,600
CUST-01427,BOOK-01427,Iida Schmidt,Sweden,2025-08-29,2025-09-02,2025-09-06,4,Shoulder,Standard Room,SR-26,Forest view,French balcony,French balcony or balcony,100,3,1,Phone,Credit card,No-show,0
CUST-01428,BOOK-01428,Iida Petrov,Italy,2025-03-19,2025-07-11,2025-07-14,3,Summer,Standard Room,SR-39,Slope view,Balcony,French balcony or balcony,95,1,0,Travel agency,Credit card,Completed,285
CUST-01429,BOOK-01429,Elina Virtanen,Belgium,2025-08-13,2026-01-13,2026-01-18,5,Winter,Deluxe Room,DR-05,Forest view,Balcony,Bathtub and sauna; French balcony or balcony,200,3,2,Phone,Credit card,No-show,0
CUST-01430,BOOK-01430,Lucas Salminen,Finland,2025-05-02,2025-06-25,2025-06-26,1,Summer,Standard View Room,SV-17,Slope view,French balcony,French balcony or balcony,120,1,0,Direct website,Debit card,No-show,0
CUST-01431,BOOK-01431,Emilia Nieminen,Spain,2025-07-28,2026-01-06,2026-01-07,1,Winter,Superior Room,SU-17,Slope view,French balcony,French balcony or balcony,140,4,3,Expedia,Debit card,Completed,140
CUST-01432,BOOK-01432,Felix Koskinen,Germany,2026-02-22,2026-03-07,2026-03-10,3,Winter,Superior Family Room,SF-09,Slope view,Balcony,French balcony or balcony,170,2,0,Travel agency,Invoice,Completed,510
CUST-01433,BOOK-01433,Felix Andersen,Sweden,2026-02-27,2026-03-19,2026-03-26,7,Winter,Standard Room,SR-36,Slope view,Balcony,French balcony or balcony,100,3,0,Direct website,Debit card,Cancelled,0
CUST-01434,BOOK-01434,Ava Miller,Spain,2025-11-13,2026-02-01,2026-02-05,4,Winter,Superior Room,SU-19,Slope view,Balcony,French balcony or balcony,140,3,0,Travel agency,Invoice,Completed,560
CUST-01435,BOOK-01435,Anna Korhonen,France,2025-12-09,2026-01-21,2026-01-24,3,Winter,Deluxe Room,DR-03,Forest view,Balcony,Bathtub and sauna; French balcony or balcony,200,3,0,Booking.com,Invoice,Completed,600
CUST-01436,BOOK-01436,Sofia Johansson,Italy,2025-09-20,2025-11-08,2025-11-11,3,Winter,Deluxe Room,DR-05,Forest view,French balcony,Bathtub and sauna; French balcony or balcony,200,2,1,Corporate,Debit card,Completed,600
CUST-01437,BOOK-01437,Emilia Korhonen,Sweden,2025-04-26,2025-09-21,2025-09-27,6,Shoulder,Standard Room,SR-35,Forest view,French balcony,French balcony or balcony,100,3,2,Phone,Credit card,Completed,600
CUST-01438,BOOK-01438,Alexander Smith,Italy,2025-09-27,2025-11-30,2025-12-03,3,Winter,Superior Room,SU-10,Forest view,French balcony,French balcony or balcony,140,2,2,Direct website,Invoice,No-show,0
CUST-01439,BOOK-01439,Sara Novak,Estonia,2025-08-23,2025-12-19,2025-12-23,4,Winter,Superior Family Room,SF-08,Forest view,Balcony,French balcony or balcony,170,3,3,Corporate,Invoice,Completed,680
CUST-01440,BOOK-01440,Laura Bianchi,Poland,2025-08-24,2025-11-13,2025-11-19,6,Winter,Deluxe Room,DR-04,Forest view,French balcony,Bathtub and sauna; French balcony or balcony,200,2,0,Booking.com,Invoice,Completed,1200
CUST-01441,BOOK-01441,Alma Rantanen,Belgium,2025-12-26,2026-05-10,2026-05-16,6,Shoulder,Standard Room,SR-03,Forest view,French balcony,French balcony or balcony,100,1,0,Travel agency,Credit card,Completed,600
CUST-01442,BOOK-01442,Oliver Santos,Belgium,2026-04-09,2026-05-22,2026-05-26,4,Shoulder,Standard Room,SR-30,Slope view,French balcony,French balcony or balcony,100,3,0,Booking.com,Debit card,Completed,400
CUST-01443,BOOK-01443,Emma Nieminen,Belgium,2025-08-24,2026-01-07,2026-01-12,5,Winter,Standard Room,SR-45,Forest view,French balcony,French balcony or balcony,100,2,2,Phone,Credit card,No-show,0
CUST-01444,BOOK-01444,Adam Andersen,France,2025-12-30,2026-05-18,2026-05-21,3,Shoulder,Standard Room,SR-38,Slope view,Balcony,French balcony or balcony,100,2,0,Phone,Online payment,Completed,300
CUST-01445,BOOK-01445,Sofia Hansen,Sweden,2026-03-05,2026-03-19,2026-03-24,5,Winter,Superior Room,SU-17,Slope view,Balcony,French balcony or balcony,140,4,0,Phone,Debit card,Completed,700
CUST-01446,BOOK-01446,Adam Kowalski,Canada,2025-05-20,2025-07-05,2025-07-09,4,Summer,Standard View Room,SV-14,Slope view,Balcony,French balcony or balcony,120,2,2,Direct website,Credit card,Completed,480
CUST-01447,BOOK-01447,Aino Virtanen,United Kingdom,2025-09-29,2026-02-19,2026-02-21,2,Winter,Superior Room,SU-07,Forest view,French balcony,French balcony or balcony,140,2,0,Phone,Debit card,Completed,280
CUST-01448,BOOK-01448,Oskari Saarinen,Canada,2025-05-28,2025-08-09,2025-08-14,5,Summer,Standard Room,SR-18,Slope view,French balcony,French balcony or balcony,95,3,2,Corporate,Credit card,Completed,475
CUST-01449,BOOK-01449,Ava Rossi,Finland,2025-01-11,2025-07-04,2025-07-08,4,Summer,Sky Suite,SS-02,Forest view,French balcony,Igloo; bathtub; sauna; French balcony or balcony,298,3,1,Booking.com,Credit card,No-show,0
CUST-01450,BOOK-01450,Nora Schmidt,Germany,2026-03-17,2026-04-21,2026-04-24,3,Winter,Standard Room,SR-41,Slope view,Balcony,French balcony or balcony,100,2,2,Booking.com,Credit card,Completed,300
CUST-01451,BOOK-01451,Adam Nieminen,Poland,2025-07-08,2025-10-03,2025-10-06,3,Shoulder,Standard Room,SR-14,Slope view,French balcony,French balcony or balcony,100,2,0,Direct website,Credit card,Completed,300
CUST-01452,BOOK-01452,Alma Johansson,Belgium,2025-08-13,2025-11-24,2025-11-29,5,Winter,Standard View Room,SV-36,Forest view,French balcony,French balcony or balcony,120,2,0,Direct website,Credit card,Cancelled,0
CUST-01453,BOOK-01453,Hugo Salminen,Austria,2025-11-24,2026-04-30,2026-05-02,2,Winter,Standard View Room,SV-27,Forest view,French balcony,French balcony or balcony,120,3,0,Phone,Debit card,Completed,240
CUST-01454,BOOK-01454,Oskari Nieminen,Austria,2025-04-21,2025-08-01,2025-08-08,7,Summer,Standard Room,SR-43,Forest view,French balcony,French balcony or balcony,95,2,0,Booking.com,Credit card,No-show,0
CUST-01455,BOOK-01455,Elina Novak,Belgium,2025-09-15,2026-01-01,2026-01-05,4,Winter,Standard View Room,SV-36,Forest view,Balcony,French balcony or balcony,120,2,1,Direct website,Invoice,Cancelled,0
CUST-01456,BOOK-01456,Adam Santos,Austria,2025-06-26,2025-09-28,2025-10-03,5,Shoulder,Sky Suite,SS-02,Forest view,Balcony,Igloo; bathtub; sauna; French balcony or balcony,298,1,0,Expedia,Online payment,No-show,0
CUST-01457,BOOK-01457,Daniel Wilson,France,2026-03-04,2026-05-02,2026-05-03,1,Shoulder,Deluxe Sky Suite,DS-01,Forest view,Balcony,Igloo; bathtub; sauna; French balcony or balcony,500,2,0,Corporate,Invoice,Completed,500
CUST-01458,BOOK-01458,Mila Andersen,Denmark,2025-08-01,2025-08-25,2025-08-29,4,Summer,Standard Room,SR-10,Forest view,Balcony,French balcony or balcony,95,4,0,Travel agency,Debit card,Cancelled,0
CUST-01459,BOOK-01459,Noah Mäkinen,Sweden,2025-07-08,2025-11-23,2025-11-30,7,Winter,Standard View Room,SV-36,Forest view,Balcony,French balcony or balcony,120,4,0,Phone,Credit card,Completed,840
CUST-01460,BOOK-01460,Oliver Dubois,Austria,2026-02-05,2026-04-15,2026-04-22,7,Winter,Standard Room,SR-41,Slope view,French balcony,French balcony or balcony,100,2,0,Booking.com,Debit card,Completed,700
CUST-01461,BOOK-01461,Leo Rantanen,Netherlands,2025-08-25,2025-10-23,2025-10-30,7,Shoulder,Deluxe Sky Suite,DS-03,Forest view,French balcony,Igloo; bathtub; sauna; French balcony or balcony,500,2,0,Direct website,Debit card,Completed,3500
CUST-01462,BOOK-01462,Julia Hansen,Finland,2025-04-04,2025-07-10,2025-07-12,2,Summer,Superior Family Room,SF-08,Forest view,Balcony,French balcony or balcony,170,2,0,Phone,Invoice,No-show,0
CUST-01463,BOOK-01463,Amelia Miller,Italy,2025-12-07,2026-05-20,2026-05-24,4,Shoulder,Standard Room,SR-03,Forest view,Balcony,French balcony or balcony,100,4,0,Booking.com,Invoice,Cancelled,0
CUST-01464,BOOK-01464,Olivia Kowalski,Austria,2025-11-19,2025-12-07,2025-12-11,4,Winter,Deluxe Sky Suite,DS-03,Forest view,Balcony,Igloo; bathtub; sauna; French balcony or balcony,700,2,0,Direct website,Debit card,Cancelled,0
CUST-01465,BOOK-01465,Felix Koskinen,Spain,2025-07-14,2025-11-23,2025-11-26,3,Winter,Standard Room,SR-18,Slope view,French balcony,French balcony or balcony,100,3,0,Travel agency,Debit card,Completed,300
CUST-01466,BOOK-01466,Daniel Schmidt,United States,2025-09-26,2025-11-13,2025-11-19,6,Winter,Standard View Room,SV-19,Slope view,French balcony,French balcony or balcony,120,3,0,Travel agency,Online payment,Cancelled,0
CUST-01467,BOOK-01467,Oskari Heikkinen,Austria,2025-07-07,2025-08-09,2025-08-12,3,Summer,Superior Family Room,SF-07,Slope view,Balcony,French balcony or balcony,170,1,1,Expedia,Debit card,Completed,510
CUST-01468,BOOK-01468,Daniel Silva,Estonia,2025-07-16,2025-10-05,2025-10-11,6,Shoulder,Standard Room,SR-27,Slope view,French balcony,French balcony or balcony,100,3,0,Corporate,Invoice,Completed,600
CUST-01469,BOOK-01469,Elias Brown,Denmark,2025-05-16,2025-09-21,2025-09-26,5,Shoulder,Standard View Room,SV-33,Forest view,Balcony,French balcony or balcony,120,4,0,Direct website,Credit card,Completed,600
CUST-01470,BOOK-01470,Oskari Koskinen,United Kingdom,2025-10-12,2025-12-06,2025-12-11,5,Winter,Standard View Room,SV-32,Forest view,Balcony,French balcony or balcony,120,3,1,Phone,Debit card,No-show,0
CUST-01471,BOOK-01471,Oskari Schmidt,Canada,2025-12-25,2026-01-08,2026-01-15,7,Winter,Standard View Room,SV-15,Forest view,French balcony,French balcony or balcony,120,2,1,Booking.com,Credit card,Completed,840
CUST-01472,BOOK-01472,Nora Novak,United States,2026-01-21,2026-05-21,2026-05-25,4,Shoulder,Superior Family Room,SF-01,Slope view,Balcony,French balcony or balcony,170,2,0,Phone,Online payment,Completed,680
CUST-01473,BOOK-01473,Leo Martin,Sweden,2025-07-16,2025-12-26,2025-12-28,2,Winter,Standard View Room,SV-11,Slope view,Balcony,French balcony or balcony,120,3,1,Corporate,Credit card,Completed,240
CUST-01474,BOOK-01474,Ella Virtanen,Finland,2025-05-04,2025-06-13,2025-06-20,7,Summer,Standard View Room,SV-39,Forest view,Balcony,French balcony or balcony,120,3,0,Booking.com,Credit card,No-show,0
CUST-01475,BOOK-01475,Eetu Andersen,Finland,2025-06-03,2025-11-06,2025-11-08,2,Winter,Standard View Room,SV-36,Forest view,Balcony,French balcony or balcony,120,2,0,Direct website,Debit card,Completed,240
CUST-01476,BOOK-01476,Emma Kowalski,Sweden,2025-10-30,2025-12-21,2025-12-25,4,Winter,Superior Room,SU-19,Slope view,French balcony,French balcony or balcony,140,2,1,Expedia,Debit card,Cancelled,0
CUST-01477,BOOK-01477,Liam Miller,Canada,2025-12-18,2026-02-21,2026-02-27,6,Winter,Standard Room,SR-05,Slope view,Balcony,French balcony or balcony,100,2,0,Corporate,Online payment,Completed,600
CUST-01478,BOOK-01478,Noah Martin,United States,2026-03-05,2026-05-04,2026-05-09,5,Shoulder,Deluxe Room,DR-02,Slope view,French balcony,Bathtub and sauna; French balcony or balcony,200,4,1,Booking.com,Credit card,Completed,1000
CUST-01479,BOOK-01479,Iida Lehtonen,Germany,2025-08-27,2025-10-26,2025-10-29,3,Shoulder,Standard View Room,SV-21,Forest view,Balcony,French balcony or balcony,120,2,0,Direct website,Invoice,Completed,360
CUST-01480,BOOK-01480,Adam Heikkinen,Austria,2025-07-17,2025-12-21,2025-12-23,2,Winter,Standard Room,SR-09,Forest view,Balcony,French balcony or balcony,100,3,0,Corporate,Debit card,Completed,200
CUST-01481,BOOK-01481,Noah Hansen,Denmark,2025-06-11,2025-09-11,2025-09-14,3,Shoulder,Standard Room,SR-33,Forest view,French balcony,French balcony or balcony,100,4,0,Corporate,Debit card,Completed,300
CUST-01482,BOOK-01482,Linnea Brown,Italy,2025-04-02,2025-07-16,2025-07-26,10,Summer,Standard View Room,SV-18,Slope view,Balcony,French balcony or balcony,120,2,0,Expedia,Debit card,Cancelled,0
CUST-01483,BOOK-01483,Noah Petrov,United Kingdom,2025-04-04,2025-08-14,2025-08-17,3,Summer,Deluxe Sky Suite,DS-03,Forest view,French balcony,Igloo; bathtub; sauna; French balcony or balcony,324,3,1,Expedia,Online payment,Completed,972
CUST-01484,BOOK-01484,Noah Rossi,United Kingdom,2025-07-02,2025-08-18,2025-08-21,3,Summer,Deluxe Sky Suite,DS-03,Forest view,Balcony,Igloo; bathtub; sauna; French balcony or balcony,324,2,0,Corporate,Online payment,No-show,0
CUST-01485,BOOK-01485,Hugo Schmidt,Netherlands,2025-08-29,2025-09-17,2025-09-20,3,Shoulder,Standard Room,SR-07,Slope view,French balcony,French balcony or balcony,100,2,0,Phone,Invoice,Completed,300
CUST-01486,BOOK-01486,Nora Schmidt,Spain,2025-09-17,2025-10-20,2025-10-22,2,Shoulder,Standard Room,SR-15,Slope view,Balcony,French balcony or balcony,100,2,2,Direct website,Debit card,Completed,200
CUST-01487,BOOK-01487,Amelia Lehtonen,Canada,2025-06-28,2025-12-15,2025-12-17,2,Winter,Superior Room,SU-16,Forest view,Balcony,French balcony or balcony,140,2,0,Expedia,Invoice,Completed,280
CUST-01488,BOOK-01488,Emilia Rantanen,Norway,2025-03-05,2025-06-24,2025-06-27,3,Summer,Standard Room,SR-19,Forest view,Balcony,French balcony or balcony,95,1,0,Phone,Online payment,Completed,285
CUST-01489,BOOK-01489,Felix Bianchi,Austria,2025-06-16,2025-11-16,2025-11-20,4,Winter,Standard Room,SR-38,Slope view,French balcony,French balcony or balcony,100,2,0,Travel agency,Online payment,Completed,400
CUST-01490,BOOK-01490,Elias Saarinen,United Kingdom,2025-05-13,2025-09-03,2025-09-05,2,Shoulder,Superior Family Room,SF-04,Forest view,French balcony,French balcony or balcony,170,3,0,Phone,Invoice,Completed,340
CUST-01491,BOOK-01491,Emilia Petrov,France,2025-02-22,2025-07-20,2025-07-22,2,Summer,Superior Room,SU-03,Forest view,French balcony,French balcony or balcony,140,3,0,Corporate,Invoice,Completed,280
CUST-01492,BOOK-01492,Felix Petrov,Canada,2025-11-27,2026-01-23,2026-01-27,4,Winter,Superior Room,SU-19,Slope view,French balcony,French balcony or balcony,140,2,0,Travel agency,Debit card,Completed,560
CUST-01493,BOOK-01493,Theo Martin,Austria,2025-01-18,2025-07-11,2025-07-17,6,Summer,Deluxe Sky Suite,DS-03,Forest view,French balcony,Igloo; bathtub; sauna; French balcony or balcony,324,2,0,Corporate,Invoice,Completed,1944
CUST-01494,BOOK-01494,Felix Novak,Spain,2026-03-07,2026-04-29,2026-05-03,4,Winter,Standard View Room,SV-11,Slope view,French balcony,French balcony or balcony,120,2,1,Travel agency,Online payment,Completed,480
CUST-01495,BOOK-01495,Mikael Heikkinen,Netherlands,2025-10-04,2025-11-06,2025-11-08,2,Winter,Sky Suite,SS-01,Slope view,French balcony,Igloo; bathtub; sauna; French balcony or balcony,298,1,0,Direct website,Online payment,No-show,0
CUST-01496,BOOK-01496,Sara Miller,United States,2025-03-31,2025-06-13,2025-06-19,6,Summer,Standard View Room,SV-08,Forest view,Balcony,French balcony or balcony,120,1,0,Booking.com,Invoice,Completed,720
CUST-01497,BOOK-01497,Julia Hansen,Spain,2025-10-18,2026-03-15,2026-03-19,4,Winter,Standard Room,SR-37,Forest view,Balcony,French balcony or balcony,100,2,2,Direct website,Invoice,Cancelled,0
CUST-01498,BOOK-01498,Linnea Schmidt,Estonia,2025-09-02,2025-09-12,2025-09-15,3,Shoulder,Standard Room,SR-11,Slope view,French balcony,French balcony or balcony,100,2,0,Phone,Debit card,Completed,300
CUST-01499,BOOK-01499,Felix Andersen,United Kingdom,2025-09-29,2026-01-27,2026-01-29,2,Winter,Standard View Room,SV-40,Forest view,Balcony,French balcony or balcony,120,1,2,Corporate,Online payment,Completed,240
CUST-01500,BOOK-01500,Leo Rossi,Belgium,2025-03-10,2025-08-10,2025-08-14,4,Summer,Standard View Room,SV-37,Forest view,Balcony,French balcony or balcony,120,3,0,Expedia,Credit card,Completed,480
